image,similarity_score
iphone_IMG_899828_output.png,0.7844
iphone_IMG_899828_output.png,0.8347
iphone_IMG_899828_output.png,0.9089
iphone_IMG_899828_output.png,0.8425
iphone_IMG_899828_output.png,0.8587
iphone_IMG_899828_output.png,0.8661
iphone_IMG_899828_output.png,0.8423
iphone_IMG_899828_output.png,0.7762
iphone_IMG_899828_output.png,0.853
iphone_IMG_899828_output.png,0.8459
iphone_IMG_899828_output.png,0.8443
iphone_IMG_899828_output.png,0.8495
iphone_IMG_899828_output.png,0.8466
iphone_IMG_899828_output.png,0.8444
iphone_IMG_899828_output.png,0.857
iphone_IMG_899828_output.png,0.8482
iphone_IMG_899828_output.png,0.8047
iphone_IMG_899828_output.png,0.8726
iphone_IMG_899828_output.png,0.787
iphone_IMG_899828_output.png,0.8104
iphone_IMG_899828_output.png,0.8238
iphone_IMG_899828_output.png,0.8307
iphone_IMG_899828_output.png,0.8299
iphone_IMG_899828_output.png,0.8239
iphone_IMG_899828_output.png,0.8235
iphone_IMG_899828_output.png,0.865
iphone_IMG_899828_output.png,0.8341
iphone_IMG_899828_output.png,0.8331
iphone_IMG_899828_output.png,0.8347
iphone_IMG_899828_output.png,0.8274
iphone_IMG_899828_output.png,0.834
iphone_IMG_899828_output.png,0.8209
iphone_IMG_899828_output.png,0.8256
iphone_IMG_899828_output.png,0.8151
iphone_IMG_899828_output.png,0.8243
iphone_IMG_899828_output.png,0.7947
iphone_IMG_899828_output.png,0.9257
iphone_IMG_899828_output.png,0.9046
iphone_IMG_899828_output.png,0.9708
iphone_IMG_899828_output.png,0.9325
iphone_IMG_899828_output.png,0.936
iphone_IMG_899828_output.png,0.9327
iphone_IMG_899828_output.png,0.9251
iphone_IMG_899828_output.png,0.9705
iphone_IMG_899828_output.png,0.9648
iphone_IMG_899828_output.png,0.9714
iphone_IMG_899828_output.png,0.9594
iphone_IMG_899828_output.png,0.9602
iphone_IMG_899828_output.png,0.9769
iphone_IMG_899828_output.png,0.9362
iphone_IMG_899828_output.png,0.9448
iphone_IMG_899828_output.png,0.9707
iphone_IMG_899828_output.png,0.9296
iphone_IMG_899828_output.png,0.914
iphone_IMG_899828_output.png,0.9266
iphone_IMG_899828_output.png,0.9514
iphone_IMG_899828_output.png,0.9663
iphone_IMG_899828_output.png,0.9606
iphone_IMG_899828_output.png,0.8674
iphone_IMG_899828_output.png,0.9243
iphone_IMG_899828_output.png,0.9389
iphone_IMG_899828_output.png,0.9271
iphone_IMG_899828_output.png,0.9419
iphone_IMG_899828_output.png,0.9463
iphone_IMG_899828_output.png,0.9211
iphone_IMG_899828_output.png,0.9606
iphone_IMG_899828_output.png,0.946
iphone_IMG_899828_output.png,0.9092
iphone_IMG_899828_output.png,0.9611
iphone_IMG_899828_output.png,0.854
iphone_IMG_899828_output.png,0.9422
iphone_IMG_899828_output.png,0.9623
iphone_IMG_899828_output.png,0.9567
iphone_IMG_899828_output.png,0.9193
iphone_IMG_899828_output.png,0.9609
iphone_IMG_899828_output.png,0.9722
iphone_IMG_899828_output.png,0.9772
iphone_IMG_899828_output.png,0.9649
iphone_IMG_899828_output.png,0.9704
iphone_IMG_899828_output.png,0.9637
iphone_IMG_899828_output.png,0.9599
iphone_IMG_899828_output.png,0.9444
iphone_IMG_899828_output.png,0.9724
iphone_IMG_899828_output.png,0.9469
iphone_IMG_899828_output.png,0.9176
iphone_IMG_899828_output.png,0.9759
iphone_IMG_899828_output.png,0.9728
iphone_IMG_899828_output.png,0.8899
iphone_IMG_899828_output.png,0.9736
iphone_IMG_899828_output.png,0.9639
iphone_IMG_899828_output.png,0.9548
iphone_IMG_899828_output.png,0.9651
iphone_IMG_899828_output.png,0.9644
iphone_IMG_899828_output.png,0.9625
iphone_IMG_899828_output.png,0.9805
iphone_IMG_899828_output.png,0.9803
iphone_IMG_899828_output.png,0.9355
iphone_IMG_899828_output.png,0.9568
iphone_IMG_899828_output.png,0.8833
iphone_IMG_899828_output.png,0.9877
iphone_IMG_899828_output.png,0.8905
iphone_IMG_899828_output.png,0.9543
iphone_IMG_899828_output.png,0.968
iphone_IMG_899828_output.png,0.9583
iphone_IMG_899828_output.png,0.9657
iphone_IMG_899828_output.png,0.9676
iphone_IMG_899828_output.png,0.9554
iphone_IMG_899828_output.png,0.9905
iphone_IMG_899828_output.png,0.9771
iphone_IMG_899828_output.png,0.9433
iphone_IMG_899828_output.png,0.9783
iphone_IMG_899828_output.png,0.8854
iphone_IMG_899828_output.png,0.8899
iphone_IMG_899828_output.png,0.9466
iphone_IMG_899828_output.png,0.9704
iphone_IMG_899828_output.png,0.9488
iphone_IMG_899828_output.png,0.9607
iphone_IMG_899828_output.png,0.9692
iphone_IMG_899828_output.png,0.9464
iphone_IMG_899828_output.png,0.9875
iphone_IMG_899828_output.png,0.9813
iphone_IMG_899828_output.png,0.9501
iphone_IMG_899828_output.png,0.9689
iphone_IMG_899828_output.png,0.8759
iphone_IMG_899828_output.png,0.9244
iphone_IMG_899828_output.png,0.9295
iphone_IMG_899828_output.png,0.9368
iphone_IMG_899828_output.png,0.9319
iphone_IMG_899828_output.png,0.9317
iphone_IMG_899828_output.png,0.9228
iphone_IMG_899828_output.png,0.8953
iphone_IMG_899828_output.png,0.8935
iphone_IMG_899828_output.png,0.9382
iphone_IMG_899828_output.png,0.8723
iphone_IMG_899828_output.png,0.9513
iphone_IMG_899828_output.png,0.9832
iphone_IMG_899828_output.png,0.9861
iphone_IMG_899828_output.png,0.986
iphone_IMG_899828_output.png,0.9779
iphone_IMG_899828_output.png,0.9847
iphone_IMG_899828_output.png,0.9594
iphone_IMG_899828_output.png,0.965
iphone_IMG_899828_output.png,0.9703
iphone_IMG_899828_output.png,0.9351
iphone_IMG_899828_output.png,0.9218
iphone_IMG_899828_output.png,0.9851
iphone_IMG_899828_output.png,0.9909
iphone_IMG_899828_output.png,0.9895
iphone_IMG_899828_output.png,0.9751
iphone_IMG_899828_output.png,0.969
iphone_IMG_899828_output.png,0.9663
iphone_IMG_899828_output.png,0.9832
iphone_IMG_899828_output.png,0.9476
iphone_IMG_899828_output.png,0.9218
iphone_IMG_899828_output.png,0.99
iphone_IMG_899828_output.png,0.9796
iphone_IMG_899828_output.png,0.9769
iphone_IMG_899828_output.png,0.9663
iphone_IMG_899828_output.png,0.9556
iphone_IMG_899828_output.png,0.977
iphone_IMG_899828_output.png,0.9379
iphone_IMG_899828_output.png,0.9322
iphone_IMG_899828_output.png,0.9891
iphone_IMG_899828_output.png,0.9749
iphone_IMG_899828_output.png,0.9704
iphone_IMG_899828_output.png,0.9685
iphone_IMG_899828_output.png,0.9751
iphone_IMG_899828_output.png,0.9469
iphone_IMG_899828_output.png,0.9184
iphone_IMG_899828_output.png,0.9765
iphone_IMG_899828_output.png,0.9682
iphone_IMG_899828_output.png,0.962
iphone_IMG_899828_output.png,0.9747
iphone_IMG_899828_output.png,0.951
iphone_IMG_899828_output.png,0.9172
iphone_IMG_899828_output.png,0.9614
iphone_IMG_899828_output.png,0.9575
iphone_IMG_899828_output.png,0.9636
iphone_IMG_899828_output.png,0.9462
iphone_IMG_899828_output.png,0.9178
iphone_IMG_899828_output.png,0.9794
iphone_IMG_899828_output.png,0.9453
iphone_IMG_899828_output.png,0.9724
iphone_IMG_899828_output.png,0.8873
iphone_IMG_899828_output.png,0.9496
iphone_IMG_899828_output.png,0.962
iphone_IMG_899828_output.png,0.8799
iphone_IMG_899828_output.png,0.9225
iphone_IMG_899828_output.png,0.9247
iphone_IMG_899828_output.png,0.8618
16952_output.png,0.8247
16952_output.png,0.867
16952_output.png,0.8562
16952_output.png,0.8311
16952_output.png,0.8964
16952_output.png,0.942
16952_output.png,0.8736
16952_output.png,0.8808
16952_output.png,0.7485
16952_output.png,0.8536
16952_output.png,0.8778
16952_output.png,0.8357
16952_output.png,0.8183
16952_output.png,0.8223
16952_output.png,0.8349
16952_output.png,0.9595
16952_output.png,0.8163
16952_output.png,0.9748
16952_output.png,0.9204
16952_output.png,0.7327
16952_output.png,0.8298
16952_output.png,0.9126
16952_output.png,0.8037
16952_output.png,0.8217
16952_output.png,0.8401
16952_output.png,0.8367
16952_output.png,0.8042
16952_output.png,0.8415
16952_output.png,0.831
16952_output.png,0.93
16952_output.png,0.9127
16952_output.png,0.9162
16952_output.png,0.9153
16952_output.png,0.8231
16952_output.png,0.9142
16952_output.png,0.8446
16952_output.png,0.8331
16952_output.png,0.8994
16952_output.png,0.6883
16952_output.png,0.8403
16952_output.png,0.8572
16952_output.png,0.8791
16952_output.png,0.7936
16952_output.png,0.6629
16952_output.png,0.8504
16952_output.png,0.7103
16952_output.png,0.7261
16952_output.png,0.689
16952_output.png,0.6861
16952_output.png,0.6944
16952_output.png,0.8736
16952_output.png,0.6707
16952_output.png,0.8961
16952_output.png,0.8423
16952_output.png,0.7466
16952_output.png,0.8484
16952_output.png,0.8627
16952_output.png,0.9002
16952_output.png,0.8232
16952_output.png,0.7441
16952_output.png,0.9508
16952_output.png,0.7339
16952_output.png,0.7943
16952_output.png,0.7638
16952_output.png,0.7468
16952_output.png,0.7534
16952_output.png,0.8547
16952_output.png,0.7514
16952_output.png,0.877
16952_output.png,0.8819
16952_output.png,0.7731
16952_output.png,0.8183
16952_output.png,0.7684
16952_output.png,0.8406
16952_output.png,0.823
16952_output.png,0.7551
16952_output.png,0.8834
16952_output.png,0.9447
16952_output.png,0.9274
16952_output.png,0.9969
16952_output.png,0.998
16952_output.png,0.8425
16952_output.png,0.9491
16952_output.png,0.8321
16952_output.png,0.7867
16952_output.png,0.9326
16952_output.png,0.8296
16952_output.png,0.8956
16952_output.png,0.7963
16952_output.png,0.8182
16952_output.png,0.8554
16952_output.png,0.7816
16952_output.png,0.7736
16952_output.png,0.7709
16952_output.png,0.7794
16952_output.png,0.9082
16952_output.png,0.8034
16952_output.png,0.8971
16952_output.png,0.8509
16952_output.png,0.8896
16952_output.png,0.8809
16952_output.png,0.7974
16952_output.png,0.8703
16952_output.png,0.8781
16952_output.png,0.8195
16952_output.png,0.8158
16952_output.png,0.8122
16952_output.png,0.8232
16952_output.png,0.9732
16952_output.png,0.8441
16952_output.png,0.943
16952_output.png,0.8791
16952_output.png,0.7756
16952_output.png,0.6951
16952_output.png,0.9034
16952_output.png,0.7396
16952_output.png,0.8073
16952_output.png,0.8022
16952_output.png,0.7636
16952_output.png,0.7713
16952_output.png,0.8711
16952_output.png,0.7701
16952_output.png,0.8979
16952_output.png,0.8421
16952_output.png,0.7797
16952_output.png,0.8322
16952_output.png,0.8902
16952_output.png,0.8522
16952_output.png,0.7974
16952_output.png,0.8308
16952_output.png,0.8468
16952_output.png,0.9055
16952_output.png,0.8252
16952_output.png,0.8946
16952_output.png,0.8562
16952_output.png,0.7382
16952_output.png,0.8402
16952_output.png,0.7932
16952_output.png,0.734
16952_output.png,0.8192
16952_output.png,0.8289
16952_output.png,0.7841
16952_output.png,0.8822
16952_output.png,0.7172
16952_output.png,0.7325
16952_output.png,0.7491
16952_output.png,0.8008
16952_output.png,0.7504
16952_output.png,0.7554
16952_output.png,0.7606
16952_output.png,0.8671
16952_output.png,0.7576
16952_output.png,0.8648
16952_output.png,0.8807
16952_output.png,0.8523
16952_output.png,0.8138
16952_output.png,0.8753
16952_output.png,0.8876
16952_output.png,0.9069
16952_output.png,0.8965
16952_output.png,0.8539
16952_output.png,0.8466
16952_output.png,0.913
16952_output.png,0.9413
16952_output.png,0.9475
16952_output.png,0.8391
16952_output.png,0.9171
16952_output.png,0.8575
16952_output.png,0.8256
16952_output.png,0.9247
16952_output.png,0.9288
16952_output.png,0.7938
16952_output.png,0.9183
16952_output.png,0.8526
16952_output.png,0.7618
16952_output.png,0.995
16952_output.png,0.8349
16952_output.png,0.9433
16952_output.png,0.8243
16952_output.png,0.7835
16952_output.png,0.8474
16952_output.png,0.9524
16952_output.png,0.836
16952_output.png,0.7916
16952_output.png,0.8395
16952_output.png,0.9524
16952_output.png,0.9132
16952_output.png,0.8102
16952_output.png,0.7846
16952_output.png,0.908
10249_output.png,0.9579
10249_output.png,0.9706
10249_output.png,0.9457
10249_output.png,0.9698
10249_output.png,0.9601
10249_output.png,0.9848
10249_output.png,0.9793
10249_output.png,0.9848
10249_output.png,0.9697
10249_output.png,0.9697
10249_output.png,0.9646
10249_output.png,0.9868
10249_output.png,0.9839
10249_output.png,0.9699
10249_output.png,0.9869
10249_output.png,0.9615
10249_output.png,0.9457
10249_output.png,0.9746
10249_output.png,0.97
10249_output.png,0.9416
10249_output.png,0.9051
10249_output.png,0.965
10249_output.png,0.9482
10249_output.png,0.9703
10249_output.png,0.9553
10249_output.png,0.9703
10249_output.png,0.9406
10249_output.png,0.9406
10249_output.png,0.9268
10249_output.png,0.9715
10249_output.png,0.9533
10249_output.png,0.9396
10249_output.png,0.9716
10249_output.png,0.9445
10249_output.png,0.9051
10249_output.png,0.9352
10249_output.png,0.9368
10249_output.png,0.9581
10249_output.png,0.9809
10249_output.png,0.9697
10249_output.png,0.976
10249_output.png,0.9698
10249_output.png,0.976
10249_output.png,0.9995
10249_output.png,0.9995
10249_output.png,0.9924
10249_output.png,0.9795
10249_output.png,0.9916
10249_output.png,0.9995
10249_output.png,0.9797
10249_output.png,0.9921
10249_output.png,0.9581
10249_output.png,0.9941
10249_output.png,0.9978
10249_output.png,0.9376
10249_output.png,0.9273
10249_output.png,0.9393
10249_output.png,0.9421
10249_output.png,0.9393
10249_output.png,0.9591
10249_output.png,0.9591
10249_output.png,0.9694
10249_output.png,0.9476
10249_output.png,0.9479
10249_output.png,0.9564
10249_output.png,0.9466
10249_output.png,0.957
10249_output.png,1.0
10249_output.png,0.9539
10249_output.png,0.9648
10249_output.png,0.9768
10249_output.png,0.9783
10249_output.png,0.9645
10249_output.png,0.9783
10249_output.png,0.9813
10249_output.png,0.9813
10249_output.png,0.9754
10249_output.png,0.9801
10249_output.png,0.9835
10249_output.png,0.9805
10249_output.png,0.9799
10249_output.png,0.9865
10249_output.png,0.9376
10249_output.png,0.9737
10249_output.png,0.9793
10249_output.png,0.9641
10249_output.png,0.9553
10249_output.png,0.9641
10249_output.png,0.969
10249_output.png,0.969
10249_output.png,0.96
10249_output.png,0.9675
10249_output.png,0.9749
10249_output.png,0.969
10249_output.png,0.9679
10249_output.png,0.9708
10249_output.png,0.9273
10249_output.png,0.9656
10249_output.png,0.9671
10249_output.png,0.9805
10249_output.png,1.0
10249_output.png,0.9757
10249_output.png,0.9757
10249_output.png,0.9639
10249_output.png,0.9982
10249_output.png,0.9833
10249_output.png,0.9745
10249_output.png,0.9981
10249_output.png,0.9675
10249_output.png,0.9393
10249_output.png,0.9674
10249_output.png,0.9717
10249_output.png,0.9805
10249_output.png,0.9688
10249_output.png,0.9688
10249_output.png,0.9608
10249_output.png,0.983
10249_output.png,0.98
10249_output.png,0.9686
10249_output.png,0.983
10249_output.png,0.9638
10249_output.png,0.9421
10249_output.png,0.964
10249_output.png,0.9669
10249_output.png,0.9757
10249_output.png,0.9757
10249_output.png,0.9639
10249_output.png,0.9982
10249_output.png,0.9833
10249_output.png,0.9745
10249_output.png,0.9981
10249_output.png,0.9675
10249_output.png,0.9393
10249_output.png,0.9674
10249_output.png,0.9717
10249_output.png,1.0
10249_output.png,0.9932
10249_output.png,0.979
10249_output.png,0.99
10249_output.png,0.9991
10249_output.png,0.9791
10249_output.png,0.9928
10249_output.png,0.9591
10249_output.png,0.9936
10249_output.png,0.9983
10249_output.png,0.9932
10249_output.png,0.979
10249_output.png,0.99
10249_output.png,0.9991
10249_output.png,0.9791
10249_output.png,0.9928
10249_output.png,0.9591
10249_output.png,0.9936
10249_output.png,0.9983
10249_output.png,0.9685
10249_output.png,0.9823
10249_output.png,0.9924
10249_output.png,0.9681
10249_output.png,0.9878
10249_output.png,0.9694
10249_output.png,0.9884
10249_output.png,0.9947
10249_output.png,0.9862
10249_output.png,0.978
10249_output.png,0.9999
10249_output.png,0.9718
10249_output.png,0.9476
10249_output.png,0.9714
10249_output.png,0.9756
10249_output.png,0.9914
10249_output.png,0.9864
10249_output.png,0.9828
10249_output.png,0.9479
10249_output.png,0.9883
10249_output.png,0.9885
10249_output.png,0.978
10249_output.png,0.9916
10249_output.png,0.9564
10249_output.png,0.9944
10249_output.png,0.9973
10249_output.png,0.9715
10249_output.png,0.9466
10249_output.png,0.9719
10249_output.png,0.9756
10249_output.png,0.957
10249_output.png,0.9867
10249_output.png,0.9921
10249_output.png,0.9539
10249_output.png,0.9648
10249_output.png,0.9943
5331_output.png,0.8259
5331_output.png,0.8098
5331_output.png,0.8474
5331_output.png,0.9113
5331_output.png,0.8169
5331_output.png,0.8163
5331_output.png,0.8098
5331_output.png,0.8639
5331_output.png,0.7596
5331_output.png,0.9081
5331_output.png,0.8321
5331_output.png,0.8593
5331_output.png,0.7994
5331_output.png,0.8345
5331_output.png,0.9147
5331_output.png,0.8703
5331_output.png,0.7957
5331_output.png,0.8996
5331_output.png,0.8402
5331_output.png,0.9632
5331_output.png,0.7365
5331_output.png,0.812
5331_output.png,0.9838
5331_output.png,0.893
5331_output.png,0.8431
5331_output.png,0.8427
5331_output.png,0.7384
5331_output.png,0.8073
5331_output.png,0.8927
5331_output.png,0.7776
5331_output.png,0.9592
5331_output.png,0.8293
5331_output.png,0.8032
5331_output.png,0.89
5331_output.png,0.901
5331_output.png,0.7758
5331_output.png,0.7947
5331_output.png,0.7287
5331_output.png,0.7879
5331_output.png,0.9722
5331_output.png,0.8773
5331_output.png,0.8375
5331_output.png,0.839
5331_output.png,0.7184
5331_output.png,0.7896
5331_output.png,0.8737
5331_output.png,0.7582
5331_output.png,0.9695
5331_output.png,0.8123
5331_output.png,0.7909
5331_output.png,0.9121
5331_output.png,0.8801
5331_output.png,0.7591
5331_output.png,0.8023
5331_output.png,0.9627
5331_output.png,0.7445
5331_output.png,0.8026
5331_output.png,0.8153
5331_output.png,0.9301
5331_output.png,0.7819
5331_output.png,0.9199
5331_output.png,0.7822
5331_output.png,0.9351
5331_output.png,0.698
5331_output.png,0.9228
5331_output.png,0.9671
5331_output.png,0.883
5331_output.png,0.8102
5331_output.png,0.9711
5331_output.png,0.9227
5331_output.png,0.8078
5331_output.png,0.8255
5331_output.png,0.8413
5331_output.png,0.9432
5331_output.png,0.814
5331_output.png,0.9626
5331_output.png,0.8236
5331_output.png,0.9228
5331_output.png,0.7784
5331_output.png,0.9161
5331_output.png,0.9899
5331_output.png,0.9151
5331_output.png,0.8226
5331_output.png,0.989
5331_output.png,0.9063
5331_output.png,0.9018
5331_output.png,0.8467
5331_output.png,0.8491
5331_output.png,0.7237
5331_output.png,0.8058
5331_output.png,0.9071
5331_output.png,0.7827
5331_output.png,0.9548
5331_output.png,0.8327
5331_output.png,0.8071
5331_output.png,0.8949
5331_output.png,0.9095
5331_output.png,0.776
5331_output.png,0.8026
5331_output.png,0.87
5331_output.png,0.794
5331_output.png,0.685
5331_output.png,0.8383
5331_output.png,0.9354
5331_output.png,0.7992
5331_output.png,0.8387
5331_output.png,0.768
5331_output.png,0.8298
5331_output.png,0.7991
5331_output.png,0.9702
5331_output.png,0.8278
5331_output.png,0.8398
5331_output.png,0.8176
5331_output.png,0.6537
5331_output.png,0.8386
5331_output.png,0.8643
5331_output.png,0.8271
5331_output.png,0.801
5331_output.png,0.8058
5331_output.png,0.844
5331_output.png,0.8165
5331_output.png,0.8949
5331_output.png,0.8213
5331_output.png,0.8653
5331_output.png,0.8013
5331_output.png,0.9175
5331_output.png,0.7975
5331_output.png,0.9041
5331_output.png,0.821
5331_output.png,0.9629
5331_output.png,0.9467
5331_output.png,0.9629
5331_output.png,0.791
5331_output.png,0.9357
5331_output.png,0.8997
5331_output.png,0.7763
5331_output.png,0.6724
5331_output.png,0.6991
5331_output.png,0.6996
5331_output.png,0.7758
5331_output.png,0.8075
5331_output.png,0.7878
5331_output.png,0.6844
5331_output.png,0.8026
5331_output.png,0.7393
5331_output.png,0.85
5331_output.png,0.918
5331_output.png,0.7695
5331_output.png,0.8754
5331_output.png,0.964
5331_output.png,0.8826
5331_output.png,0.8394
5331_output.png,0.9567
5331_output.png,0.9159
5331_output.png,0.8099
5331_output.png,0.8389
5331_output.png,0.766
5331_output.png,0.8239
5331_output.png,0.8059
5331_output.png,0.9397
5331_output.png,0.8101
5331_output.png,0.8309
5331_output.png,0.7393
5331_output.png,0.9329
5331_output.png,0.9296
5331_output.png,0.8854
5331_output.png,0.8284
5331_output.png,0.9158
5331_output.png,0.9301
5331_output.png,0.7901
5331_output.png,0.7724
5331_output.png,0.9031
5331_output.png,0.8385
5331_output.png,0.7381
5331_output.png,0.7489
5331_output.png,0.915
5331_output.png,0.9488
5331_output.png,0.7906
5331_output.png,0.9074
5331_output.png,0.9059
5331_output.png,0.9182
5331_output.png,0.8265
5331_output.png,0.9835
5331_output.png,0.9164
5331_output.png,0.8006
5331_output.png,0.8974
5331_output.png,0.8737
5331_output.png,0.8071
5331_output.png,0.8652
5331_output.png,0.9061
iphone_IMG_8773_output.png,0.8835
iphone_IMG_8773_output.png,0.8809
iphone_IMG_8773_output.png,0.8772
iphone_IMG_8773_output.png,0.9067
iphone_IMG_8773_output.png,0.8595
iphone_IMG_8773_output.png,0.8705
iphone_IMG_8773_output.png,0.8841
iphone_IMG_8773_output.png,0.8671
iphone_IMG_8773_output.png,0.7949
iphone_IMG_8773_output.png,0.8935
iphone_IMG_8773_output.png,0.8708
iphone_IMG_8773_output.png,0.8966
iphone_IMG_8773_output.png,0.8931
iphone_IMG_8773_output.png,0.8838
iphone_IMG_8773_output.png,0.8756
iphone_IMG_8773_output.png,0.8787
iphone_IMG_8773_output.png,0.9009
iphone_IMG_8773_output.png,0.8973
iphone_IMG_8773_output.png,0.8863
iphone_IMG_8773_output.png,0.9956
iphone_IMG_8773_output.png,0.9745
iphone_IMG_8773_output.png,0.8433
iphone_IMG_8773_output.png,0.9377
iphone_IMG_8773_output.png,0.9863
iphone_IMG_8773_output.png,0.9613
iphone_IMG_8773_output.png,0.9679
iphone_IMG_8773_output.png,0.8551
iphone_IMG_8773_output.png,0.9729
iphone_IMG_8773_output.png,0.9836
iphone_IMG_8773_output.png,0.9722
iphone_IMG_8773_output.png,0.9675
iphone_IMG_8773_output.png,0.9967
iphone_IMG_8773_output.png,0.9266
iphone_IMG_8773_output.png,0.9748
iphone_IMG_8773_output.png,0.947
iphone_IMG_8773_output.png,0.977
iphone_IMG_8773_output.png,0.9659
iphone_IMG_8773_output.png,0.9645
iphone_IMG_8773_output.png,0.8387
iphone_IMG_8773_output.png,0.9358
iphone_IMG_8773_output.png,0.9773
iphone_IMG_8773_output.png,0.9509
iphone_IMG_8773_output.png,0.9548
iphone_IMG_8773_output.png,0.8494
iphone_IMG_8773_output.png,0.9674
iphone_IMG_8773_output.png,0.9756
iphone_IMG_8773_output.png,0.9771
iphone_IMG_8773_output.png,0.9636
iphone_IMG_8773_output.png,0.9943
iphone_IMG_8773_output.png,0.9267
iphone_IMG_8773_output.png,0.9649
iphone_IMG_8773_output.png,0.9387
iphone_IMG_8773_output.png,0.9708
iphone_IMG_8773_output.png,0.9557
iphone_IMG_8773_output.png,0.8608
iphone_IMG_8773_output.png,0.9419
iphone_IMG_8773_output.png,0.986
iphone_IMG_8773_output.png,0.9603
iphone_IMG_8773_output.png,0.9636
iphone_IMG_8773_output.png,0.8283
iphone_IMG_8773_output.png,0.9854
iphone_IMG_8773_output.png,0.9753
iphone_IMG_8773_output.png,0.9376
iphone_IMG_8773_output.png,0.9671
iphone_IMG_8773_output.png,0.9741
iphone_IMG_8773_output.png,0.9382
iphone_IMG_8773_output.png,0.981
iphone_IMG_8773_output.png,0.9457
iphone_IMG_8773_output.png,0.9692
iphone_IMG_8773_output.png,0.9709
iphone_IMG_8773_output.png,0.9096
iphone_IMG_8773_output.png,0.8481
iphone_IMG_8773_output.png,0.8293
iphone_IMG_8773_output.png,0.8482
iphone_IMG_8773_output.png,0.7979
iphone_IMG_8773_output.png,0.8601
iphone_IMG_8773_output.png,0.8356
iphone_IMG_8773_output.png,0.8479
iphone_IMG_8773_output.png,0.8499
iphone_IMG_8773_output.png,0.8487
iphone_IMG_8773_output.png,0.8361
iphone_IMG_8773_output.png,0.8279
iphone_IMG_8773_output.png,0.8217
iphone_IMG_8773_output.png,0.8318
iphone_IMG_8773_output.png,0.8392
iphone_IMG_8773_output.png,0.9347
iphone_IMG_8773_output.png,0.9237
iphone_IMG_8773_output.png,0.9359
iphone_IMG_8773_output.png,0.8421
iphone_IMG_8773_output.png,0.944
iphone_IMG_8773_output.png,0.9279
iphone_IMG_8773_output.png,0.9352
iphone_IMG_8773_output.png,0.9451
iphone_IMG_8773_output.png,0.9396
iphone_IMG_8773_output.png,0.9153
iphone_IMG_8773_output.png,0.9198
iphone_IMG_8773_output.png,0.9139
iphone_IMG_8773_output.png,0.9266
iphone_IMG_8773_output.png,0.9309
iphone_IMG_8773_output.png,0.9652
iphone_IMG_8773_output.png,0.9813
iphone_IMG_8773_output.png,0.8532
iphone_IMG_8773_output.png,0.9694
iphone_IMG_8773_output.png,0.9884
iphone_IMG_8773_output.png,0.9528
iphone_IMG_8773_output.png,0.9719
iphone_IMG_8773_output.png,0.9866
iphone_IMG_8773_output.png,0.9324
iphone_IMG_8773_output.png,0.9857
iphone_IMG_8773_output.png,0.946
iphone_IMG_8773_output.png,0.9705
iphone_IMG_8773_output.png,0.9748
iphone_IMG_8773_output.png,0.9651
iphone_IMG_8773_output.png,0.8091
iphone_IMG_8773_output.png,0.9595
iphone_IMG_8773_output.png,0.9621
iphone_IMG_8773_output.png,0.9509
iphone_IMG_8773_output.png,0.9748
iphone_IMG_8773_output.png,0.957
iphone_IMG_8773_output.png,0.9287
iphone_IMG_8773_output.png,0.981
iphone_IMG_8773_output.png,0.9889
iphone_IMG_8773_output.png,0.9755
iphone_IMG_8773_output.png,0.9877
iphone_IMG_8773_output.png,0.8603
iphone_IMG_8773_output.png,0.946
iphone_IMG_8773_output.png,0.9784
iphone_IMG_8773_output.png,0.9409
iphone_IMG_8773_output.png,0.9683
iphone_IMG_8773_output.png,0.9677
iphone_IMG_8773_output.png,0.9195
iphone_IMG_8773_output.png,0.9705
iphone_IMG_8773_output.png,0.9476
iphone_IMG_8773_output.png,0.9672
iphone_IMG_8773_output.png,0.9692
iphone_IMG_8773_output.png,0.8317
iphone_IMG_8773_output.png,0.877
iphone_IMG_8773_output.png,0.8652
iphone_IMG_8773_output.png,0.8509
iphone_IMG_8773_output.png,0.8635
iphone_IMG_8773_output.png,0.796
iphone_IMG_8773_output.png,0.8128
iphone_IMG_8773_output.png,0.8218
iphone_IMG_8773_output.png,0.8137
iphone_IMG_8773_output.png,0.8256
iphone_IMG_8773_output.png,0.9636
iphone_IMG_8773_output.png,0.9618
iphone_IMG_8773_output.png,0.9619
iphone_IMG_8773_output.png,0.9751
iphone_IMG_8773_output.png,0.9421
iphone_IMG_8773_output.png,0.9657
iphone_IMG_8773_output.png,0.9514
iphone_IMG_8773_output.png,0.9662
iphone_IMG_8773_output.png,0.969
iphone_IMG_8773_output.png,0.952
iphone_IMG_8773_output.png,0.9688
iphone_IMG_8773_output.png,0.984
iphone_IMG_8773_output.png,0.9267
iphone_IMG_8773_output.png,0.978
iphone_IMG_8773_output.png,0.9487
iphone_IMG_8773_output.png,0.9712
iphone_IMG_8773_output.png,0.9703
iphone_IMG_8773_output.png,0.9535
iphone_IMG_8773_output.png,0.9778
iphone_IMG_8773_output.png,0.9259
iphone_IMG_8773_output.png,0.9349
iphone_IMG_8773_output.png,0.9499
iphone_IMG_8773_output.png,0.951
iphone_IMG_8773_output.png,0.9458
iphone_IMG_8773_output.png,0.9646
iphone_IMG_8773_output.png,0.9348
iphone_IMG_8773_output.png,0.9793
iphone_IMG_8773_output.png,0.9696
iphone_IMG_8773_output.png,0.9751
iphone_IMG_8773_output.png,0.9829
iphone_IMG_8773_output.png,0.9302
iphone_IMG_8773_output.png,0.9696
iphone_IMG_8773_output.png,0.9426
iphone_IMG_8773_output.png,0.9739
iphone_IMG_8773_output.png,0.9609
iphone_IMG_8773_output.png,0.9232
iphone_IMG_8773_output.png,0.9223
iphone_IMG_8773_output.png,0.9308
iphone_IMG_8773_output.png,0.9247
iphone_IMG_8773_output.png,0.9646
iphone_IMG_8773_output.png,0.9831
iphone_IMG_8773_output.png,0.9898
iphone_IMG_8773_output.png,0.9678
iphone_IMG_8773_output.png,0.9781
iphone_IMG_8773_output.png,0.9764
33178_output.png,0.9304
33178_output.png,0.9286
33178_output.png,0.9389
33178_output.png,0.9391
33178_output.png,0.9427
33178_output.png,0.8055
33178_output.png,0.9431
33178_output.png,0.9373
33178_output.png,0.8763
33178_output.png,0.8764
33178_output.png,0.9361
33178_output.png,0.9209
33178_output.png,0.928
33178_output.png,0.9535
33178_output.png,0.9155
33178_output.png,0.9042
33178_output.png,0.9001
33178_output.png,0.884
33178_output.png,0.9232
33178_output.png,0.9771
33178_output.png,0.9311
33178_output.png,0.9663
33178_output.png,0.9721
33178_output.png,0.7788
33178_output.png,0.9759
33178_output.png,0.9195
33178_output.png,0.8826
33178_output.png,0.8819
33178_output.png,0.9522
33178_output.png,0.9089
33178_output.png,0.9589
33178_output.png,0.9474
33178_output.png,0.9167
33178_output.png,0.8964
33178_output.png,0.9231
33178_output.png,0.8959
33178_output.png,0.9544
33178_output.png,0.961
33178_output.png,0.9671
33178_output.png,0.9766
33178_output.png,0.7839
33178_output.png,0.9793
33178_output.png,0.9149
33178_output.png,0.9115
33178_output.png,0.9119
33178_output.png,0.9595
33178_output.png,0.9103
33178_output.png,0.9732
33178_output.png,0.9475
33178_output.png,0.9391
33178_output.png,0.9248
33178_output.png,0.9391
33178_output.png,0.917
33178_output.png,0.9499
33178_output.png,0.9283
33178_output.png,0.9409
33178_output.png,0.7475
33178_output.png,0.953
33178_output.png,0.9351
33178_output.png,0.9198
33178_output.png,0.9272
33178_output.png,0.9659
33178_output.png,0.9219
33178_output.png,0.9413
33178_output.png,0.9323
33178_output.png,0.9598
33178_output.png,0.9284
33178_output.png,0.9483
33178_output.png,0.913
33178_output.png,0.9142
33178_output.png,0.9843
33178_output.png,0.7664
33178_output.png,0.9816
33178_output.png,0.9115
33178_output.png,0.8441
33178_output.png,0.8751
33178_output.png,0.9455
33178_output.png,0.8917
33178_output.png,0.9688
33178_output.png,0.9745
33178_output.png,0.9127
33178_output.png,0.8764
33178_output.png,0.908
33178_output.png,0.8722
33178_output.png,0.9577
33178_output.png,0.7772
33178_output.png,0.9862
33178_output.png,0.9178
33178_output.png,0.87
33178_output.png,0.8872
33178_output.png,0.9503
33178_output.png,0.9031
33178_output.png,0.9884
33178_output.png,0.9602
33178_output.png,0.9216
33178_output.png,0.9
33178_output.png,0.9187
33178_output.png,0.8869
33178_output.png,0.9438
33178_output.png,0.7697
33178_output.png,0.7111
33178_output.png,0.8077
33178_output.png,0.8302
33178_output.png,0.7365
33178_output.png,0.7605
33178_output.png,0.7852
33178_output.png,0.7598
33178_output.png,0.7582
33178_output.png,0.8523
33178_output.png,0.7384
33178_output.png,0.8764
33178_output.png,0.7917
33178_output.png,0.9361
33178_output.png,0.8883
33178_output.png,0.9012
33178_output.png,0.9713
33178_output.png,0.925
33178_output.png,0.9749
33178_output.png,0.9544
33178_output.png,0.9431
33178_output.png,0.9113
33178_output.png,0.9416
33178_output.png,0.8969
33178_output.png,0.9451
33178_output.png,0.8746
33178_output.png,0.8855
33178_output.png,0.9687
33178_output.png,0.974
33178_output.png,0.9027
33178_output.png,0.9231
33178_output.png,0.9333
33178_output.png,0.8725
33178_output.png,0.9453
33178_output.png,0.8692
33178_output.png,0.8994
33178_output.png,0.9006
33178_output.png,0.9048
33178_output.png,0.9021
33178_output.png,0.8701
33178_output.png,0.8497
33178_output.png,0.9337
33178_output.png,0.9757
33178_output.png,0.9251
33178_output.png,0.914
33178_output.png,0.8681
33178_output.png,0.9236
33178_output.png,0.9204
33178_output.png,0.9061
33178_output.png,0.8813
33178_output.png,0.9587
33178_output.png,0.9028
33178_output.png,0.9532
33178_output.png,0.9749
33178_output.png,0.8947
33178_output.png,0.9552
33178_output.png,0.9449
33178_output.png,0.9517
33178_output.png,0.9636
33178_output.png,0.9027
33178_output.png,0.9747
33178_output.png,0.9109
33178_output.png,0.941
33178_output.png,0.9024
33178_output.png,0.8965
33178_output.png,0.9557
33178_output.png,0.8979
33178_output.png,0.9669
33178_output.png,0.9096
33178_output.png,0.9049
33178_output.png,0.9418
33178_output.png,0.9293
33178_output.png,0.9017
33178_output.png,0.9266
33178_output.png,0.9033
33178_output.png,0.9372
33178_output.png,0.9151
33178_output.png,0.8645
33178_output.png,0.9093
33178_output.png,0.8832
33178_output.png,0.9717
33178_output.png,0.932
33178_output.png,0.9842
33178_output.png,0.94
33178_output.png,0.9195
33178_output.png,0.9131
33178_output.png,0.9183
33178_output.png,0.8781
33178_output.png,0.9342
33178_output.png,0.9225
33178_output.png,0.9098
1904_output.png,0.8151
1904_output.png,0.9459
1904_output.png,0.8372
1904_output.png,0.9673
1904_output.png,0.8442
1904_output.png,0.8086
1904_output.png,0.8647
1904_output.png,0.9414
1904_output.png,0.8372
1904_output.png,0.952
1904_output.png,0.9383
1904_output.png,0.8161
1904_output.png,0.8411
1904_output.png,0.8658
1904_output.png,0.9115
1904_output.png,0.9592
1904_output.png,0.9377
1904_output.png,0.9621
1904_output.png,0.8606
1904_output.png,0.7887
1904_output.png,0.9758
1904_output.png,0.8149
1904_output.png,0.9578
1904_output.png,0.9919
1904_output.png,0.954
1904_output.png,0.7892
1904_output.png,0.9758
1904_output.png,0.8262
1904_output.png,0.794
1904_output.png,0.9965
1904_output.png,0.9516
1904_output.png,0.9607
1904_output.png,0.7764
1904_output.png,0.8278
1904_output.png,0.7847
1904_output.png,0.8112
1904_output.png,0.9538
1904_output.png,0.7974
1904_output.png,0.9411
1904_output.png,0.7759
1904_output.png,0.7764
1904_output.png,0.8152
1904_output.png,0.9818
1904_output.png,0.7974
1904_output.png,0.949
1904_output.png,0.9711
1904_output.png,0.7836
1904_output.png,0.7944
1904_output.png,0.8316
1904_output.png,0.9398
1904_output.png,0.9639
1904_output.png,0.9606
1904_output.png,0.9851
1904_output.png,0.809
1904_output.png,0.8396
1904_output.png,0.9526
1904_output.png,0.9783
1904_output.png,0.9691
1904_output.png,0.7781
1904_output.png,1.0
1904_output.png,0.8168
1904_output.png,0.785
1904_output.png,0.9823
1904_output.png,0.9767
1904_output.png,0.9738
1904_output.png,0.7579
1904_output.png,0.851
1904_output.png,0.7778
1904_output.png,0.824
1904_output.png,0.9687
1904_output.png,0.8374
1904_output.png,0.8118
1904_output.png,0.8682
1904_output.png,0.9344
1904_output.png,0.8396
1904_output.png,0.9669
1904_output.png,0.934
1904_output.png,0.8201
1904_output.png,0.8288
1904_output.png,0.8742
1904_output.png,0.915
1904_output.png,0.9496
1904_output.png,0.9524
1904_output.png,0.9558
1904_output.png,0.8634
1904_output.png,0.9545
1904_output.png,0.9606
1904_output.png,0.7801
1904_output.png,0.9526
1904_output.png,0.8282
1904_output.png,0.7937
1904_output.png,0.9605
1904_output.png,0.9464
1904_output.png,0.9618
1904_output.png,0.7576
1904_output.png,0.8149
1904_output.png,0.7921
1904_output.png,0.7976
1904_output.png,0.9643
1904_output.png,0.9496
1904_output.png,0.7767
1904_output.png,0.9783
1904_output.png,0.8153
1904_output.png,0.7815
1904_output.png,0.9953
1904_output.png,0.9515
1904_output.png,0.9541
1904_output.png,0.782
1904_output.png,0.8305
1904_output.png,0.7761
1904_output.png,0.7978
1904_output.png,0.9491
1904_output.png,0.7958
1904_output.png,0.9691
1904_output.png,0.8452
1904_output.png,0.814
1904_output.png,0.9549
1904_output.png,0.9675
1904_output.png,0.9904
1904_output.png,0.759
1904_output.png,0.8399
1904_output.png,0.8159
1904_output.png,0.837
1904_output.png,0.9983
1904_output.png,0.7781
1904_output.png,0.9636
1904_output.png,0.9695
1904_output.png,0.7825
1904_output.png,0.7706
1904_output.png,0.81
1904_output.png,0.9605
1904_output.png,0.9541
1904_output.png,0.9793
1904_output.png,0.9734
1904_output.png,0.7902
1904_output.png,0.8168
1904_output.png,0.785
1904_output.png,0.9823
1904_output.png,0.9767
1904_output.png,0.9738
1904_output.png,0.7579
1904_output.png,0.851
1904_output.png,0.7778
1904_output.png,0.824
1904_output.png,0.9687
1904_output.png,0.9438
1904_output.png,0.8214
1904_output.png,0.7979
1904_output.png,0.8583
1904_output.png,0.9418
1904_output.png,0.9448
1904_output.png,0.9754
1904_output.png,0.9608
1904_output.png,0.8417
1904_output.png,0.7887
1904_output.png,0.7901
1904_output.png,0.8299
1904_output.png,0.9334
1904_output.png,0.9415
1904_output.png,0.9572
1904_output.png,0.9593
1904_output.png,0.8098
1904_output.png,0.9571
1904_output.png,0.9608
1904_output.png,0.776
1904_output.png,0.8317
1904_output.png,0.7808
1904_output.png,0.8074
1904_output.png,0.955
1904_output.png,0.9628
1904_output.png,0.7444
1904_output.png,0.8354
1904_output.png,0.7648
1904_output.png,0.8146
1904_output.png,0.9664
1904_output.png,0.766
1904_output.png,0.8506
1904_output.png,0.8242
1904_output.png,0.8545
1904_output.png,0.9902
1904_output.png,0.9453
1904_output.png,0.9485
1904_output.png,0.9272
1904_output.png,0.7509
1904_output.png,0.9367
1904_output.png,0.9674
1904_output.png,0.8354
1904_output.png,0.955
1904_output.png,0.8117
1904_output.png,0.832
31143_output.png,0.9185
31143_output.png,0.9148
31143_output.png,0.9385
31143_output.png,0.9319
31143_output.png,0.9202
31143_output.png,0.9443
31143_output.png,0.9296
31143_output.png,0.932
31143_output.png,0.9418
31143_output.png,0.9269
31143_output.png,0.9517
31143_output.png,0.933
31143_output.png,0.9415
31143_output.png,0.9334
31143_output.png,0.9006
31143_output.png,0.9244
31143_output.png,0.9468
31143_output.png,0.9401
31143_output.png,0.9244
31143_output.png,0.9182
31143_output.png,0.9201
31143_output.png,0.9499
31143_output.png,0.9809
31143_output.png,0.9104
31143_output.png,0.9576
31143_output.png,0.9481
31143_output.png,0.9269
31143_output.png,0.928
31143_output.png,0.9194
31143_output.png,0.9165
31143_output.png,0.9479
31143_output.png,0.8997
31143_output.png,0.8837
31143_output.png,0.9845
31143_output.png,0.9046
31143_output.png,0.8784
31143_output.png,0.9116
31143_output.png,0.9402
31143_output.png,0.9371
31143_output.png,0.9021
31143_output.png,0.9073
31143_output.png,0.9703
31143_output.png,0.9218
31143_output.png,0.941
31143_output.png,0.9593
31143_output.png,0.9286
31143_output.png,0.9133
31143_output.png,0.9015
31143_output.png,0.9147
31143_output.png,0.8902
31143_output.png,0.9137
31143_output.png,0.9031
31143_output.png,0.8939
31143_output.png,0.9204
31143_output.png,0.942
31143_output.png,0.9181
31143_output.png,0.9329
31143_output.png,0.9483
31143_output.png,0.9379
31143_output.png,0.9381
31143_output.png,0.9344
31143_output.png,0.9418
31143_output.png,0.9401
31143_output.png,0.9435
31143_output.png,0.9119
31143_output.png,0.8945
31143_output.png,0.9245
31143_output.png,0.9307
31143_output.png,0.9273
31143_output.png,0.9431
31143_output.png,0.965
31143_output.png,0.93
31143_output.png,0.9393
31143_output.png,0.9833
31143_output.png,0.969
31143_output.png,0.9427
31143_output.png,0.9542
31143_output.png,0.9689
31143_output.png,0.951
31143_output.png,0.9188
31143_output.png,0.908
31143_output.png,0.9505
31143_output.png,0.9278
31143_output.png,0.9069
31143_output.png,0.9441
31143_output.png,0.9198
31143_output.png,0.9357
31143_output.png,0.9651
31143_output.png,0.9277
31143_output.png,0.9121
31143_output.png,0.9319
31143_output.png,0.9374
31143_output.png,0.9544
31143_output.png,0.8916
31143_output.png,0.8838
31143_output.png,0.9816
31143_output.png,0.9152
31143_output.png,0.8816
31143_output.png,0.9235
31143_output.png,0.9093
31143_output.png,0.9313
31143_output.png,0.9287
31143_output.png,0.9499
31143_output.png,0.9815
31143_output.png,0.9348
31143_output.png,0.9497
31143_output.png,0.9689
31143_output.png,0.9281
31143_output.png,0.9236
31143_output.png,0.9975
31143_output.png,0.9308
31143_output.png,0.9232
31143_output.png,0.9365
31143_output.png,0.9378
31143_output.png,0.9477
31143_output.png,0.9268
31143_output.png,0.912
31143_output.png,0.9181
31143_output.png,0.9042
31143_output.png,0.891
31143_output.png,0.9498
31143_output.png,0.902
31143_output.png,0.9122
31143_output.png,0.9237
31143_output.png,0.9566
31143_output.png,0.9354
31143_output.png,0.9606
31143_output.png,0.9614
31143_output.png,0.9522
31143_output.png,0.9123
31143_output.png,0.916
31143_output.png,0.953
31143_output.png,0.9288
31143_output.png,0.9172
31143_output.png,0.9543
31143_output.png,0.9457
31143_output.png,0.9477
31143_output.png,0.9708
31143_output.png,0.9513
31143_output.png,0.9298
31143_output.png,0.9132
31143_output.png,0.9234
31143_output.png,0.9268
31143_output.png,0.9249
31143_output.png,0.9271
31143_output.png,0.9571
31143_output.png,0.93
31143_output.png,0.9331
31143_output.png,0.968
31143_output.png,0.9512
31143_output.png,0.9182
31143_output.png,0.9451
31143_output.png,0.9001
31143_output.png,0.9265
31143_output.png,0.9495
31143_output.png,0.9545
31143_output.png,0.9647
31143_output.png,0.938
31143_output.png,0.9303
31143_output.png,0.9796
31143_output.png,0.9462
31143_output.png,0.9516
31143_output.png,0.9676
31143_output.png,0.9249
31143_output.png,0.9038
31143_output.png,0.9187
31143_output.png,0.9369
31143_output.png,0.9348
31143_output.png,0.9274
31143_output.png,0.9381
31143_output.png,0.922
31143_output.png,0.9516
31143_output.png,0.9499
31143_output.png,0.9208
31143_output.png,0.9186
31143_output.png,0.9533
31143_output.png,0.8985
31143_output.png,0.9666
31143_output.png,0.9127
31143_output.png,0.8942
31143_output.png,0.8834
31143_output.png,0.9218
31143_output.png,0.8797
31143_output.png,0.8758
31143_output.png,0.9183
31143_output.png,0.8896
31143_output.png,0.9167
31143_output.png,0.9358
31143_output.png,0.9238
31143_output.png,0.9118
34217_output.png,0.9582
34217_output.png,0.9239
34217_output.png,0.7737
34217_output.png,0.7823
34217_output.png,0.7737
34217_output.png,0.8903
34217_output.png,0.8935
34217_output.png,0.9736
34217_output.png,0.8903
34217_output.png,0.7853
34217_output.png,0.8957
34217_output.png,0.7737
34217_output.png,0.7822
34217_output.png,0.9129
34217_output.png,0.9736
34217_output.png,0.7721
34217_output.png,0.8287
34217_output.png,0.9398
34217_output.png,0.9736
34217_output.png,0.9358
34217_output.png,0.7812
34217_output.png,0.7899
34217_output.png,0.7812
34217_output.png,0.9188
34217_output.png,0.9219
34217_output.png,0.9342
34217_output.png,0.9188
34217_output.png,0.7766
34217_output.png,0.9189
34217_output.png,0.7812
34217_output.png,0.7805
34217_output.png,0.9496
34217_output.png,0.9342
34217_output.png,0.7809
34217_output.png,0.8235
34217_output.png,0.9233
34217_output.png,0.9342
34217_output.png,0.7318
34217_output.png,0.7394
34217_output.png,0.7318
34217_output.png,0.8758
34217_output.png,0.8794
34217_output.png,0.9231
34217_output.png,0.8758
34217_output.png,0.7616
34217_output.png,0.8745
34217_output.png,0.7318
34217_output.png,0.7324
34217_output.png,0.9809
34217_output.png,0.9231
34217_output.png,0.7335
34217_output.png,0.77
34217_output.png,0.9184
34217_output.png,0.9231
34217_output.png,0.9946
34217_output.png,1.0
34217_output.png,0.8172
34217_output.png,0.8128
34217_output.png,0.7078
34217_output.png,0.8172
34217_output.png,0.9621
34217_output.png,0.8164
34217_output.png,1.0
34217_output.png,0.9886
34217_output.png,0.7187
34217_output.png,0.7078
34217_output.png,0.994
34217_output.png,0.9285
34217_output.png,0.7057
34217_output.png,0.7078
34217_output.png,0.9946
34217_output.png,0.8107
34217_output.png,0.8076
34217_output.png,0.7201
34217_output.png,0.8107
34217_output.png,0.9657
34217_output.png,0.8102
34217_output.png,0.9946
34217_output.png,0.9903
34217_output.png,0.7283
34217_output.png,0.7201
34217_output.png,0.9898
34217_output.png,0.9321
34217_output.png,0.7287
34217_output.png,0.7201
34217_output.png,0.8172
34217_output.png,0.8128
34217_output.png,0.7078
34217_output.png,0.8172
34217_output.png,0.9621
34217_output.png,0.8164
34217_output.png,1.0
34217_output.png,0.9886
34217_output.png,0.7187
34217_output.png,0.7078
34217_output.png,0.994
34217_output.png,0.9285
34217_output.png,0.7057
34217_output.png,0.7078
34217_output.png,0.993
34217_output.png,0.8129
34217_output.png,1.0
34217_output.png,0.7377
34217_output.png,0.9973
34217_output.png,0.8172
34217_output.png,0.7989
34217_output.png,0.8808
34217_output.png,0.8129
34217_output.png,0.8079
34217_output.png,0.8354
34217_output.png,0.8136
34217_output.png,0.8129
34217_output.png,0.8143
34217_output.png,0.993
34217_output.png,0.7469
34217_output.png,0.9935
34217_output.png,0.8128
34217_output.png,0.8002
34217_output.png,0.8785
34217_output.png,0.8143
34217_output.png,0.8153
34217_output.png,0.8421
34217_output.png,0.8045
34217_output.png,0.8143
34217_output.png,0.8129
34217_output.png,0.7404
34217_output.png,0.8167
34217_output.png,0.7078
34217_output.png,0.7224
34217_output.png,0.9228
34217_output.png,1.0
34217_output.png,0.7051
34217_output.png,0.7604
34217_output.png,0.9662
34217_output.png,1.0
34217_output.png,0.7377
34217_output.png,0.9973
34217_output.png,0.8172
34217_output.png,0.7989
34217_output.png,0.8808
34217_output.png,0.8129
34217_output.png,0.8079
34217_output.png,0.8354
34217_output.png,0.8136
34217_output.png,0.8129
34217_output.png,0.7412
34217_output.png,0.9621
34217_output.png,0.9609
34217_output.png,0.7251
34217_output.png,0.7404
34217_output.png,0.9688
34217_output.png,0.9252
34217_output.png,0.727
34217_output.png,0.7404
34217_output.png,0.8164
34217_output.png,0.8033
34217_output.png,0.8775
34217_output.png,0.8167
34217_output.png,0.81
34217_output.png,0.8395
34217_output.png,0.8097
34217_output.png,0.8167
34217_output.png,0.9886
34217_output.png,0.7187
34217_output.png,0.7078
34217_output.png,0.994
34217_output.png,0.9285
34217_output.png,0.7057
34217_output.png,0.7078
34217_output.png,0.7166
34217_output.png,0.7224
34217_output.png,0.9888
34217_output.png,0.9267
34217_output.png,0.7237
34217_output.png,0.7224
34217_output.png,0.9228
34217_output.png,0.7154
34217_output.png,0.7543
34217_output.png,0.914
34217_output.png,0.9228
34217_output.png,0.7051
34217_output.png,0.7604
34217_output.png,0.9662
34217_output.png,1.0
34217_output.png,0.9296
34217_output.png,0.694
34217_output.png,0.7051
34217_output.png,0.7394
34217_output.png,0.7604
34217_output.png,0.9662
12922_output.png,0.8618
12922_output.png,0.9342
12922_output.png,0.924
12922_output.png,0.9377
12922_output.png,0.913
12922_output.png,0.8563
12922_output.png,0.8648
12922_output.png,0.9147
12922_output.png,0.9567
12922_output.png,0.9208
12922_output.png,0.8735
12922_output.png,0.9212
12922_output.png,0.8981
12922_output.png,0.9356
12922_output.png,0.9384
12922_output.png,0.9753
12922_output.png,0.8613
12922_output.png,0.8624
12922_output.png,0.8764
12922_output.png,0.8868
12922_output.png,0.898
12922_output.png,0.9095
12922_output.png,0.857
12922_output.png,0.9747
12922_output.png,0.9411
12922_output.png,0.9359
12922_output.png,0.86
12922_output.png,0.897
12922_output.png,0.9845
12922_output.png,0.8339
12922_output.png,0.8555
12922_output.png,0.8888
12922_output.png,0.8667
12922_output.png,0.8584
12922_output.png,0.9842
12922_output.png,0.9733
12922_output.png,0.9529
12922_output.png,0.9608
12922_output.png,0.9626
12922_output.png,0.9579
12922_output.png,0.8869
12922_output.png,0.8618
12922_output.png,0.8846
12922_output.png,0.9601
12922_output.png,0.9627
12922_output.png,0.8917
12922_output.png,0.9294
12922_output.png,0.9614
12922_output.png,0.9626
12922_output.png,0.9399
12922_output.png,0.941
12922_output.png,0.8895
12922_output.png,0.9003
12922_output.png,0.871
12922_output.png,0.9404
12922_output.png,0.9344
12922_output.png,0.8853
12922_output.png,0.8711
12922_output.png,0.9058
12922_output.png,0.9384
12922_output.png,0.9967
12922_output.png,0.8998
12922_output.png,0.9236
12922_output.png,0.9405
12922_output.png,0.9872
12922_output.png,0.9637
12922_output.png,0.9324
12922_output.png,0.9
12922_output.png,0.9058
12922_output.png,0.8856
12922_output.png,0.9476
12922_output.png,0.918
12922_output.png,0.8661
12922_output.png,0.8952
12922_output.png,0.9533
12922_output.png,0.9382
12922_output.png,0.898
12922_output.png,0.911
12922_output.png,0.9221
12922_output.png,0.9526
12922_output.png,0.9299
12922_output.png,0.9361
12922_output.png,0.8967
12922_output.png,0.904
12922_output.png,0.8754
12922_output.png,0.873
12922_output.png,0.8418
12922_output.png,0.8817
12922_output.png,0.9515
12922_output.png,0.9297
12922_output.png,0.8601
12922_output.png,0.9182
12922_output.png,0.9181
12922_output.png,0.9418
12922_output.png,0.9317
12922_output.png,0.9277
12922_output.png,0.8554
12922_output.png,0.8682
12922_output.png,0.8595
12922_output.png,0.9313
12922_output.png,0.9261
12922_output.png,0.8657
12922_output.png,0.8845
12922_output.png,0.9705
12922_output.png,0.8366
12922_output.png,0.8555
12922_output.png,0.8842
12922_output.png,0.8591
12922_output.png,0.8522
12922_output.png,0.9732
12922_output.png,0.9626
12922_output.png,0.9453
12922_output.png,0.9537
12922_output.png,0.8816
12922_output.png,0.8684
12922_output.png,0.9605
12922_output.png,0.8569
12922_output.png,0.8316
12922_output.png,0.8745
12922_output.png,0.8685
12922_output.png,0.866
12922_output.png,0.9629
12922_output.png,0.9546
12922_output.png,0.9875
12922_output.png,0.9178
12922_output.png,0.9004
12922_output.png,0.9542
12922_output.png,0.8988
12922_output.png,0.8591
12922_output.png,0.9038
12922_output.png,0.9062
12922_output.png,0.9153
12922_output.png,0.9493
12922_output.png,0.9421
12922_output.png,0.9706
12922_output.png,0.9329
12922_output.png,0.8762
12922_output.png,0.9667
12922_output.png,0.9349
12922_output.png,0.9478
12922_output.png,0.951
12922_output.png,0.9683
12922_output.png,0.868
12922_output.png,0.8806
12922_output.png,0.8928
12922_output.png,0.8984
12922_output.png,0.9229
12922_output.png,0.9469
12922_output.png,0.9858
12922_output.png,0.9579
12922_output.png,0.9315
12922_output.png,0.9007
12922_output.png,0.9109
12922_output.png,0.8822
12922_output.png,0.8504
12922_output.png,0.856
12922_output.png,0.8976
12922_output.png,0.8781
12922_output.png,0.8711
12922_output.png,0.9922
12922_output.png,0.9799
12922_output.png,0.9746
12922_output.png,0.9324
12922_output.png,0.9252
12922_output.png,0.9274
12922_output.png,0.9422
12922_output.png,0.8443
12922_output.png,0.8618
12922_output.png,0.8702
12922_output.png,0.9321
12922_output.png,0.9107
12922_output.png,0.9067
12922_output.png,0.8612
12922_output.png,0.8779
12922_output.png,0.8408
12922_output.png,0.9802
12922_output.png,0.9474
12922_output.png,0.8961
12922_output.png,0.9087
12922_output.png,0.8887
12922_output.png,0.9554
12922_output.png,0.8667
12922_output.png,0.8814
12922_output.png,0.8847
12922_output.png,0.8601
12922_output.png,0.8772
12922_output.png,0.88
12922_output.png,0.988
12922_output.png,0.9744
12922_output.png,0.9665
iphone_IMG_906161_output.png,0.7975
iphone_IMG_906161_output.png,0.7923
iphone_IMG_906161_output.png,0.9272
iphone_IMG_906161_output.png,0.8646
iphone_IMG_906161_output.png,0.858
iphone_IMG_906161_output.png,0.8864
iphone_IMG_906161_output.png,0.8145
iphone_IMG_906161_output.png,0.7774
iphone_IMG_906161_output.png,0.7818
iphone_IMG_906161_output.png,0.858
iphone_IMG_906161_output.png,0.9177
iphone_IMG_906161_output.png,0.9028
iphone_IMG_906161_output.png,0.8682
iphone_IMG_906161_output.png,0.8505
iphone_IMG_906161_output.png,0.9333
iphone_IMG_906161_output.png,0.9133
iphone_IMG_906161_output.png,0.7747
iphone_IMG_906161_output.png,0.8178
iphone_IMG_906161_output.png,0.7866
iphone_IMG_906161_output.png,0.9362
iphone_IMG_906161_output.png,0.9169
iphone_IMG_906161_output.png,0.9362
iphone_IMG_906161_output.png,0.9389
iphone_IMG_906161_output.png,0.899
iphone_IMG_906161_output.png,0.9688
iphone_IMG_906161_output.png,0.9461
iphone_IMG_906161_output.png,0.9325
iphone_IMG_906161_output.png,0.9389
iphone_IMG_906161_output.png,0.921
iphone_IMG_906161_output.png,0.9306
iphone_IMG_906161_output.png,0.9371
iphone_IMG_906161_output.png,0.9506
iphone_IMG_906161_output.png,0.8691
iphone_IMG_906161_output.png,0.9187
iphone_IMG_906161_output.png,0.9373
iphone_IMG_906161_output.png,0.9699
iphone_IMG_906161_output.png,0.9338
iphone_IMG_906161_output.png,0.8913
iphone_IMG_906161_output.png,0.9073
iphone_IMG_906161_output.png,0.9081
iphone_IMG_906161_output.png,0.9402
iphone_IMG_906161_output.png,0.9286
iphone_IMG_906161_output.png,0.9895
iphone_IMG_906161_output.png,0.994
iphone_IMG_906161_output.png,0.9081
iphone_IMG_906161_output.png,0.8997
iphone_IMG_906161_output.png,0.8852
iphone_IMG_906161_output.png,0.9088
iphone_IMG_906161_output.png,0.9013
iphone_IMG_906161_output.png,0.9126
iphone_IMG_906161_output.png,0.8938
iphone_IMG_906161_output.png,0.9893
iphone_IMG_906161_output.png,0.9287
iphone_IMG_906161_output.png,0.9854
iphone_IMG_906161_output.png,0.934
iphone_IMG_906161_output.png,0.9257
iphone_IMG_906161_output.png,0.9556
iphone_IMG_906161_output.png,0.931
iphone_IMG_906161_output.png,0.8901
iphone_IMG_906161_output.png,0.8862
iphone_IMG_906161_output.png,0.9257
iphone_IMG_906161_output.png,0.9887
iphone_IMG_906161_output.png,0.9653
iphone_IMG_906161_output.png,0.9338
iphone_IMG_906161_output.png,0.9178
iphone_IMG_906161_output.png,0.933
iphone_IMG_906161_output.png,0.9872
iphone_IMG_906161_output.png,0.8786
iphone_IMG_906161_output.png,0.9294
iphone_IMG_906161_output.png,0.8902
iphone_IMG_906161_output.png,0.9945
iphone_IMG_906161_output.png,0.8877
iphone_IMG_906161_output.png,0.9526
iphone_IMG_906161_output.png,0.9112
iphone_IMG_906161_output.png,0.9016
iphone_IMG_906161_output.png,0.9945
iphone_IMG_906161_output.png,0.9272
iphone_IMG_906161_output.png,0.8906
iphone_IMG_906161_output.png,0.9989
iphone_IMG_906161_output.png,0.975
iphone_IMG_906161_output.png,0.8596
iphone_IMG_906161_output.png,0.9271
iphone_IMG_906161_output.png,0.8999
iphone_IMG_906161_output.png,0.9534
iphone_IMG_906161_output.png,0.903
iphone_IMG_906161_output.png,0.8787
iphone_IMG_906161_output.png,0.9541
iphone_IMG_906161_output.png,0.9121
iphone_IMG_906161_output.png,0.9026
iphone_IMG_906161_output.png,1.0
iphone_IMG_906161_output.png,0.9219
iphone_IMG_906161_output.png,0.8871
iphone_IMG_906161_output.png,0.9956
iphone_IMG_906161_output.png,0.9817
iphone_IMG_906161_output.png,0.8589
iphone_IMG_906161_output.png,0.9244
iphone_IMG_906161_output.png,0.9086
iphone_IMG_906161_output.png,0.962
iphone_IMG_906161_output.png,0.9043
iphone_IMG_906161_output.png,0.8952
iphone_IMG_906161_output.png,0.9398
iphone_IMG_906161_output.png,0.942
iphone_IMG_906161_output.png,0.8787
iphone_IMG_906161_output.png,0.9648
iphone_IMG_906161_output.png,0.9512
iphone_IMG_906161_output.png,0.8866
iphone_IMG_906161_output.png,0.869
iphone_IMG_906161_output.png,0.9647
iphone_IMG_906161_output.png,0.953
iphone_IMG_906161_output.png,0.9315
iphone_IMG_906161_output.png,0.8831
iphone_IMG_906161_output.png,0.938
iphone_IMG_906161_output.png,0.9349
iphone_IMG_906161_output.png,0.9285
iphone_IMG_906161_output.png,0.9541
iphone_IMG_906161_output.png,0.9392
iphone_IMG_906161_output.png,0.8977
iphone_IMG_906161_output.png,0.9531
iphone_IMG_906161_output.png,0.9449
iphone_IMG_906161_output.png,0.8615
iphone_IMG_906161_output.png,0.9413
iphone_IMG_906161_output.png,0.9236
iphone_IMG_906161_output.png,0.9797
iphone_IMG_906161_output.png,0.9351
iphone_IMG_906161_output.png,0.994
iphone_IMG_906161_output.png,0.9121
iphone_IMG_906161_output.png,0.9013
iphone_IMG_906161_output.png,0.8853
iphone_IMG_906161_output.png,0.9118
iphone_IMG_906161_output.png,0.9028
iphone_IMG_906161_output.png,0.9052
iphone_IMG_906161_output.png,0.8933
iphone_IMG_906161_output.png,0.9927
iphone_IMG_906161_output.png,0.9304
iphone_IMG_906161_output.png,0.9852
iphone_IMG_906161_output.png,0.9026
iphone_IMG_906161_output.png,0.8983
iphone_IMG_906161_output.png,0.8775
iphone_IMG_906161_output.png,0.9023
iphone_IMG_906161_output.png,0.8906
iphone_IMG_906161_output.png,0.9112
iphone_IMG_906161_output.png,0.8903
iphone_IMG_906161_output.png,0.9897
iphone_IMG_906161_output.png,0.922
iphone_IMG_906161_output.png,0.9887
iphone_IMG_906161_output.png,0.9219
iphone_IMG_906161_output.png,0.8871
iphone_IMG_906161_output.png,0.9956
iphone_IMG_906161_output.png,0.9817
iphone_IMG_906161_output.png,0.8589
iphone_IMG_906161_output.png,0.9244
iphone_IMG_906161_output.png,0.9086
iphone_IMG_906161_output.png,0.962
iphone_IMG_906161_output.png,0.9043
iphone_IMG_906161_output.png,0.9683
iphone_IMG_906161_output.png,0.9265
iphone_IMG_906161_output.png,0.9115
iphone_IMG_906161_output.png,0.9387
iphone_IMG_906161_output.png,0.9932
iphone_IMG_906161_output.png,0.8919
iphone_IMG_906161_output.png,0.9272
iphone_IMG_906161_output.png,0.9002
iphone_IMG_906161_output.png,0.8917
iphone_IMG_906161_output.png,0.906
iphone_IMG_906161_output.png,0.9317
iphone_IMG_906161_output.png,0.9627
iphone_IMG_906161_output.png,0.8808
iphone_IMG_906161_output.png,0.9079
iphone_IMG_906161_output.png,0.8814
iphone_IMG_906161_output.png,0.9784
iphone_IMG_906161_output.png,0.8638
iphone_IMG_906161_output.png,0.9257
iphone_IMG_906161_output.png,0.9025
iphone_IMG_906161_output.png,0.9572
iphone_IMG_906161_output.png,0.904
iphone_IMG_906161_output.png,0.8543
iphone_IMG_906161_output.png,0.9122
iphone_IMG_906161_output.png,0.9038
iphone_IMG_906161_output.png,0.9662
iphone_IMG_906161_output.png,0.8939
iphone_IMG_906161_output.png,0.9267
iphone_IMG_906161_output.png,0.9068
iphone_IMG_906161_output.png,0.8607
iphone_IMG_906161_output.png,0.9012
iphone_IMG_906161_output.png,0.8854
iphone_IMG_906161_output.png,0.9353
iphone_IMG_906161_output.png,0.8992
iphone_IMG_906161_output.png,0.9302
iphone_IMG_906161_output.png,0.9814
iphone_IMG_906161_output.png,0.9314
24090_output.png,0.8417
24090_output.png,0.8063
24090_output.png,0.8253
24090_output.png,0.8052
24090_output.png,0.8464
24090_output.png,0.8342
24090_output.png,0.8942
24090_output.png,0.835
24090_output.png,0.9313
24090_output.png,0.859
24090_output.png,0.9267
24090_output.png,0.9054
24090_output.png,0.9392
24090_output.png,0.8753
24090_output.png,0.9384
24090_output.png,0.8443
24090_output.png,0.9184
24090_output.png,0.8829
24090_output.png,0.8655
24090_output.png,0.83
24090_output.png,0.8674
24090_output.png,0.8681
24090_output.png,0.8983
24090_output.png,0.8654
24090_output.png,0.9173
24090_output.png,0.9121
24090_output.png,0.9147
24090_output.png,0.9668
24090_output.png,0.9223
24090_output.png,0.9025
24090_output.png,0.9113
24090_output.png,0.9327
24090_output.png,0.8381
24090_output.png,0.9107
24090_output.png,0.9135
24090_output.png,0.9194
24090_output.png,0.9457
24090_output.png,0.9293
24090_output.png,0.8763
24090_output.png,0.9077
24090_output.png,0.9225
24090_output.png,0.8264
24090_output.png,0.8724
24090_output.png,0.8624
24090_output.png,0.852
24090_output.png,0.8757
24090_output.png,0.8615
24090_output.png,0.8713
24090_output.png,0.8568
24090_output.png,0.7951
24090_output.png,0.8598
24090_output.png,0.8802
24090_output.png,0.8567
24090_output.png,0.8437
24090_output.png,0.894
24090_output.png,0.9398
24090_output.png,0.9861
24090_output.png,0.891
24090_output.png,0.8888
24090_output.png,0.8892
24090_output.png,0.8838
24090_output.png,0.9049
24090_output.png,0.9105
24090_output.png,0.9011
24090_output.png,0.899
24090_output.png,0.8335
24090_output.png,0.9018
24090_output.png,0.9136
24090_output.png,0.912
24090_output.png,0.8708
24090_output.png,0.9198
24090_output.png,0.9136
24090_output.png,0.8835
24090_output.png,0.8811
24090_output.png,0.8676
24090_output.png,0.8942
24090_output.png,0.8846
24090_output.png,0.8632
24090_output.png,0.8769
24090_output.png,0.9339
24090_output.png,0.7892
24090_output.png,0.947
24090_output.png,0.8816
24090_output.png,0.9042
24090_output.png,0.8915
24090_output.png,0.9479
24090_output.png,0.9041
24090_output.png,0.8937
24090_output.png,0.9064
24090_output.png,0.9021
24090_output.png,0.9264
24090_output.png,0.9128
24090_output.png,0.9236
24090_output.png,0.9168
24090_output.png,0.8441
24090_output.png,0.9204
24090_output.png,0.9266
24090_output.png,0.9203
24090_output.png,0.8828
24090_output.png,0.8915
24090_output.png,0.8833
24090_output.png,0.8805
24090_output.png,0.8844
24090_output.png,0.8973
24090_output.png,0.8937
24090_output.png,0.8941
24090_output.png,0.9113
24090_output.png,0.832
24090_output.png,0.9171
24090_output.png,0.8978
24090_output.png,0.8986
24090_output.png,0.8791
24090_output.png,0.9111
24090_output.png,0.9242
24090_output.png,0.9351
24090_output.png,0.9397
24090_output.png,0.9374
24090_output.png,0.939
24090_output.png,0.9389
24090_output.png,0.9061
24090_output.png,0.9243
24090_output.png,0.9362
24090_output.png,0.9631
24090_output.png,0.9129
24090_output.png,0.9287
24090_output.png,0.9357
24090_output.png,0.923
24090_output.png,0.9224
24090_output.png,0.9156
24090_output.png,0.9485
24090_output.png,0.8349
24090_output.png,0.9445
24090_output.png,0.9303
24090_output.png,0.9183
24090_output.png,0.9302
24090_output.png,0.9281
24090_output.png,0.9847
24090_output.png,0.945
24090_output.png,0.9748
24090_output.png,0.9409
24090_output.png,0.8965
24090_output.png,0.916
24090_output.png,0.9739
24090_output.png,0.9428
24090_output.png,0.9314
24090_output.png,0.9332
24090_output.png,0.9213
24090_output.png,0.9296
24090_output.png,0.9513
24090_output.png,0.8535
24090_output.png,0.9402
24090_output.png,0.9316
24090_output.png,0.9388
24090_output.png,0.9705
24090_output.png,0.9515
24090_output.png,0.9881
24090_output.png,0.9375
24090_output.png,0.9128
24090_output.png,0.9193
24090_output.png,0.9795
24090_output.png,0.9607
24090_output.png,0.9213
24090_output.png,0.9636
24090_output.png,0.9147
24090_output.png,0.9263
24090_output.png,0.9064
24090_output.png,0.9803
24090_output.png,0.9418
24090_output.png,0.8912
24090_output.png,0.934
24090_output.png,0.9078
24090_output.png,0.9123
24090_output.png,0.9888
24090_output.png,0.9481
24090_output.png,0.9137
24090_output.png,0.8494
24090_output.png,0.9807
24090_output.png,0.9319
24090_output.png,0.9365
24090_output.png,0.9696
24090_output.png,0.842
24090_output.png,0.8988
24090_output.png,0.8941
24090_output.png,0.834
24090_output.png,0.9149
24090_output.png,0.9269
24090_output.png,0.9513
24090_output.png,0.9517
24090_output.png,0.9115
24090_output.png,0.9122
Android_Android_51_output.png,0.988
Android_Android_51_output.png,0.9854
Android_Android_51_output.png,0.9232
Android_Android_51_output.png,0.8089
Android_Android_51_output.png,0.8806
Android_Android_51_output.png,0.9937
Android_Android_51_output.png,0.9643
Android_Android_51_output.png,0.9542
Android_Android_51_output.png,0.8225
Android_Android_51_output.png,0.9938
Android_Android_51_output.png,0.9666
Android_Android_51_output.png,0.9394
Android_Android_51_output.png,0.8083
Android_Android_51_output.png,0.8136
Android_Android_51_output.png,0.9325
Android_Android_51_output.png,0.9855
Android_Android_51_output.png,0.9915
Android_Android_51_output.png,0.8788
Android_Android_51_output.png,0.9552
Android_Android_51_output.png,0.9978
Android_Android_51_output.png,0.925
Android_Android_51_output.png,0.8193
Android_Android_51_output.png,0.88
Android_Android_51_output.png,0.9878
Android_Android_51_output.png,0.9511
Android_Android_51_output.png,0.9599
Android_Android_51_output.png,0.8154
Android_Android_51_output.png,0.9862
Android_Android_51_output.png,0.9634
Android_Android_51_output.png,0.9395
Android_Android_51_output.png,0.8184
Android_Android_51_output.png,0.8227
Android_Android_51_output.png,0.9326
Android_Android_51_output.png,0.999
Android_Android_51_output.png,0.9931
Android_Android_51_output.png,0.8874
Android_Android_51_output.png,0.9624
Android_Android_51_output.png,0.9256
Android_Android_51_output.png,0.807
Android_Android_51_output.png,0.8739
Android_Android_51_output.png,0.9884
Android_Android_51_output.png,0.9501
Android_Android_51_output.png,0.9593
Android_Android_51_output.png,0.8074
Android_Android_51_output.png,0.9861
Android_Android_51_output.png,0.9651
Android_Android_51_output.png,0.9401
Android_Android_51_output.png,0.8061
Android_Android_51_output.png,0.8146
Android_Android_51_output.png,0.9318
Android_Android_51_output.png,0.9978
Android_Android_51_output.png,0.9923
Android_Android_51_output.png,0.8873
Android_Android_51_output.png,0.9597
Android_Android_51_output.png,0.7761
Android_Android_51_output.png,0.7699
Android_Android_51_output.png,0.9292
Android_Android_51_output.png,0.9734
Android_Android_51_output.png,0.9756
Android_Android_51_output.png,0.7921
Android_Android_51_output.png,0.9314
Android_Android_51_output.png,0.9417
Android_Android_51_output.png,0.9895
Android_Android_51_output.png,0.7768
Android_Android_51_output.png,0.7859
Android_Android_51_output.png,0.9861
Android_Android_51_output.png,0.9234
Android_Android_51_output.png,0.9324
Android_Android_51_output.png,0.8196
Android_Android_51_output.png,0.9746
Android_Android_51_output.png,0.6933
Android_Android_51_output.png,0.7908
Android_Android_51_output.png,0.787
Android_Android_51_output.png,0.817
Android_Android_51_output.png,0.9789
Android_Android_51_output.png,0.7956
Android_Android_51_output.png,0.7695
Android_Android_51_output.png,0.7861
Android_Android_51_output.png,0.9994
Android_Android_51_output.png,0.9964
Android_Android_51_output.png,0.7901
Android_Android_51_output.png,0.8224
Android_Android_51_output.png,0.7988
Android_Android_51_output.png,0.6804
Android_Android_51_output.png,0.8219
Android_Android_51_output.png,0.8757
Android_Android_51_output.png,0.8188
Android_Android_51_output.png,0.8231
Android_Android_51_output.png,0.6945
Android_Android_51_output.png,0.8734
Android_Android_51_output.png,0.828
Android_Android_51_output.png,0.7861
Android_Android_51_output.png,0.6908
Android_Android_51_output.png,0.6842
Android_Android_51_output.png,0.7866
Android_Android_51_output.png,0.8794
Android_Android_51_output.png,0.867
Android_Android_51_output.png,0.8564
Android_Android_51_output.png,0.8287
Android_Android_51_output.png,0.9687
Android_Android_51_output.png,0.9579
Android_Android_51_output.png,0.8137
Android_Android_51_output.png,0.9943
Android_Android_51_output.png,0.9697
Android_Android_51_output.png,0.9446
Android_Android_51_output.png,0.7909
Android_Android_51_output.png,0.7982
Android_Android_51_output.png,0.9375
Android_Android_51_output.png,0.9865
Android_Android_51_output.png,0.9909
Android_Android_51_output.png,0.8842
Android_Android_51_output.png,0.9576
Android_Android_51_output.png,0.9868
Android_Android_51_output.png,0.815
Android_Android_51_output.png,0.9684
Android_Android_51_output.png,0.9609
Android_Android_51_output.png,0.9745
Android_Android_51_output.png,0.7879
Android_Android_51_output.png,0.7951
Android_Android_51_output.png,0.9645
Android_Android_51_output.png,0.9485
Android_Android_51_output.png,0.9619
Android_Android_51_output.png,0.844
Android_Android_51_output.png,0.9855
Android_Android_51_output.png,0.8226
Android_Android_51_output.png,0.9588
Android_Android_51_output.png,0.951
Android_Android_51_output.png,0.9768
Android_Android_51_output.png,0.8166
Android_Android_51_output.png,0.8239
Android_Android_51_output.png,0.9654
Android_Android_51_output.png,0.9584
Android_Android_51_output.png,0.9609
Android_Android_51_output.png,0.8408
Android_Android_51_output.png,0.9987
Android_Android_51_output.png,0.8132
Android_Android_51_output.png,0.7881
Android_Android_51_output.png,0.804
Android_Android_51_output.png,0.9794
Android_Android_51_output.png,0.9815
Android_Android_51_output.png,0.8084
Android_Android_51_output.png,0.8186
Android_Android_51_output.png,0.8051
Android_Android_51_output.png,0.6871
Android_Android_51_output.png,0.8245
Android_Android_51_output.png,0.9712
Android_Android_51_output.png,0.946
Android_Android_51_output.png,0.795
Android_Android_51_output.png,0.8035
Android_Android_51_output.png,0.9391
Android_Android_51_output.png,0.9836
Android_Android_51_output.png,0.9924
Android_Android_51_output.png,0.8799
Android_Android_51_output.png,0.9585
Android_Android_51_output.png,0.9452
Android_Android_51_output.png,0.7694
Android_Android_51_output.png,0.7814
Android_Android_51_output.png,0.9408
Android_Android_51_output.png,0.9611
Android_Android_51_output.png,0.9699
Android_Android_51_output.png,0.8797
Android_Android_51_output.png,0.95
Android_Android_51_output.png,0.7862
Android_Android_51_output.png,0.7955
Android_Android_51_output.png,0.9809
Android_Android_51_output.png,0.938
Android_Android_51_output.png,0.9479
Android_Android_51_output.png,0.8279
Android_Android_51_output.png,0.9758
Android_Android_51_output.png,0.9961
Android_Android_51_output.png,0.7903
Android_Android_51_output.png,0.8215
Android_Android_51_output.png,0.7974
Android_Android_51_output.png,0.6804
Android_Android_51_output.png,0.8215
Android_Android_51_output.png,0.7978
Android_Android_51_output.png,0.8253
Android_Android_51_output.png,0.8055
Android_Android_51_output.png,0.6834
Android_Android_51_output.png,0.8253
Android_Android_51_output.png,0.9309
Android_Android_51_output.png,0.9402
Android_Android_51_output.png,0.8233
Android_Android_51_output.png,0.9652
Android_Android_51_output.png,0.991
Android_Android_51_output.png,0.8864
Android_Android_51_output.png,0.9613
Android_Android_51_output.png,0.8806
Android_Android_51_output.png,0.9611
Android_Android_51_output.png,0.8442
2208_output.png,0.9419
2208_output.png,0.9784
2208_output.png,0.9702
2208_output.png,0.9861
2208_output.png,0.9809
2208_output.png,0.9535
2208_output.png,0.8239
2208_output.png,0.9772
2208_output.png,0.8616
2208_output.png,0.9793
2208_output.png,0.8383
2208_output.png,0.9552
2208_output.png,0.9587
2208_output.png,0.9366
2208_output.png,0.9856
2208_output.png,0.8796
2208_output.png,0.9764
2208_output.png,0.9942
2208_output.png,0.9613
2208_output.png,0.9516
2208_output.png,0.9439
2208_output.png,0.9583
2208_output.png,0.9643
2208_output.png,0.9042
2208_output.png,0.8481
2208_output.png,0.9611
2208_output.png,0.8028
2208_output.png,0.96
2208_output.png,0.846
2208_output.png,0.9086
2208_output.png,0.9701
2208_output.png,0.9301
2208_output.png,0.9283
2208_output.png,0.868
2208_output.png,0.9496
2208_output.png,0.9407
2208_output.png,0.9323
2208_output.png,0.974
2208_output.png,0.9809
2208_output.png,0.9904
2208_output.png,0.9361
2208_output.png,0.8294
2208_output.png,0.9908
2208_output.png,0.8268
2208_output.png,0.9936
2208_output.png,0.8492
2208_output.png,0.9428
2208_output.png,0.9757
2208_output.png,0.9352
2208_output.png,0.9747
2208_output.png,0.898
2208_output.png,0.9918
2208_output.png,0.9801
2208_output.png,0.9682
2208_output.png,0.9711
2208_output.png,0.9705
2208_output.png,0.9425
2208_output.png,0.8252
2208_output.png,0.968
2208_output.png,0.825
2208_output.png,0.9665
2208_output.png,0.8347
2208_output.png,0.9163
2208_output.png,0.9597
2208_output.png,0.9215
2208_output.png,0.9655
2208_output.png,0.894
2208_output.png,0.9716
2208_output.png,0.9699
2208_output.png,0.9542
2208_output.png,0.9831
2208_output.png,0.9302
2208_output.png,0.8279
2208_output.png,0.9878
2208_output.png,0.8492
2208_output.png,0.9855
2208_output.png,0.8408
2208_output.png,0.937
2208_output.png,0.9651
2208_output.png,0.9258
2208_output.png,0.9713
2208_output.png,0.8802
2208_output.png,0.9765
2208_output.png,0.9808
2208_output.png,0.9541
2208_output.png,0.9326
2208_output.png,0.8294
2208_output.png,0.9931
2208_output.png,0.831
2208_output.png,0.9946
2208_output.png,0.8627
2208_output.png,0.9495
2208_output.png,0.9738
2208_output.png,0.9311
2208_output.png,0.968
2208_output.png,0.904
2208_output.png,0.9845
2208_output.png,0.9832
2208_output.png,0.9677
2208_output.png,0.77
2208_output.png,0.9215
2208_output.png,0.7684
2208_output.png,0.9259
2208_output.png,0.8011
2208_output.png,0.916
2208_output.png,0.92
2208_output.png,0.9198
2208_output.png,0.9383
2208_output.png,0.8315
2208_output.png,0.9479
2208_output.png,0.954
2208_output.png,0.9331
2208_output.png,0.8236
2208_output.png,0.9203
2208_output.png,0.8233
2208_output.png,0.7198
2208_output.png,0.8031
2208_output.png,0.8497
2208_output.png,0.8334
2208_output.png,0.8143
2208_output.png,0.7654
2208_output.png,0.8296
2208_output.png,0.8171
2208_output.png,0.8544
2208_output.png,0.8283
2208_output.png,0.9985
2208_output.png,0.855
2208_output.png,0.941
2208_output.png,0.9706
2208_output.png,0.9243
2208_output.png,0.9634
2208_output.png,0.8929
2208_output.png,0.9845
2208_output.png,0.9805
2208_output.png,0.9574
2208_output.png,0.827
2208_output.png,0.7018
2208_output.png,0.832
2208_output.png,0.8019
2208_output.png,0.8099
2208_output.png,0.8636
2208_output.png,0.7506
2208_output.png,0.8131
2208_output.png,0.8482
2208_output.png,0.8297
2208_output.png,0.855
2208_output.png,0.9461
2208_output.png,0.9714
2208_output.png,0.9281
2208_output.png,0.9668
2208_output.png,0.8926
2208_output.png,0.9873
2208_output.png,0.9823
2208_output.png,0.9618
2208_output.png,0.8574
2208_output.png,0.8415
2208_output.png,0.8139
2208_output.png,0.8267
2208_output.png,0.9413
2208_output.png,0.8525
2208_output.png,0.8492
2208_output.png,0.8319
2208_output.png,0.923
2208_output.png,0.896
2208_output.png,0.9454
2208_output.png,0.8674
2208_output.png,0.9423
2208_output.png,0.9582
2208_output.png,0.9516
2208_output.png,0.9449
2208_output.png,0.9534
2208_output.png,0.8808
2208_output.png,0.9734
2208_output.png,0.9596
2208_output.png,0.9621
2208_output.png,0.9313
2208_output.png,0.8484
2208_output.png,0.9413
2208_output.png,0.9301
2208_output.png,0.9191
2208_output.png,0.8774
2208_output.png,0.9686
2208_output.png,0.981
2208_output.png,0.9517
2208_output.png,0.9018
2208_output.png,0.8856
2208_output.png,0.8835
2208_output.png,0.9781
2208_output.png,0.9742
2208_output.png,0.962
1905_output.png,0.982
1905_output.png,0.9782
1905_output.png,0.994
1905_output.png,0.9739
1905_output.png,0.9731
1905_output.png,0.9701
1905_output.png,0.9967
1905_output.png,0.9654
1905_output.png,0.9549
1905_output.png,0.982
1905_output.png,0.9916
1905_output.png,0.983
1905_output.png,0.994
1905_output.png,0.9685
1905_output.png,0.9949
1905_output.png,0.9155
1905_output.png,0.9789
1905_output.png,0.929
1905_output.png,0.9614
1905_output.png,0.9552
1905_output.png,0.9848
1905_output.png,0.9941
1905_output.png,0.9857
1905_output.png,0.9871
1905_output.png,0.9776
1905_output.png,0.9578
1905_output.png,0.97
1905_output.png,0.9974
1905_output.png,0.9868
1905_output.png,0.9838
1905_output.png,0.9848
1905_output.png,0.9905
1905_output.png,0.9869
1905_output.png,0.9273
1905_output.png,0.9567
1905_output.png,0.9396
1905_output.png,0.975
1905_output.png,0.9721
1905_output.png,0.9454
1905_output.png,0.9713
1905_output.png,0.9403
1905_output.png,0.9787
1905_output.png,0.9394
1905_output.png,0.936
1905_output.png,0.9561
1905_output.png,0.9685
1905_output.png,0.9604
1905_output.png,0.9721
1905_output.png,0.9391
1905_output.png,0.9714
1905_output.png,0.8922
1905_output.png,0.9984
1905_output.png,0.9089
1905_output.png,0.9436
1905_output.png,0.976
1905_output.png,0.9728
1905_output.png,0.9699
1905_output.png,0.9905
1905_output.png,0.9642
1905_output.png,0.9472
1905_output.png,0.9841
1905_output.png,0.9982
1905_output.png,0.9787
1905_output.png,1.0
1905_output.png,0.9707
1905_output.png,0.9974
1905_output.png,0.9207
1905_output.png,0.9724
1905_output.png,0.9281
1905_output.png,0.9602
1905_output.png,0.9871
1905_output.png,0.9894
1905_output.png,0.969
1905_output.png,0.961
1905_output.png,0.9723
1905_output.png,0.994
1905_output.png,0.9777
1905_output.png,0.9831
1905_output.png,0.976
1905_output.png,0.9888
1905_output.png,0.98
1905_output.png,0.9282
1905_output.png,0.9472
1905_output.png,0.9412
1905_output.png,0.9774
1905_output.png,0.9773
1905_output.png,0.9684
1905_output.png,0.9557
1905_output.png,0.967
1905_output.png,0.9857
1905_output.png,0.974
1905_output.png,0.9804
1905_output.png,0.9728
1905_output.png,0.9778
1905_output.png,0.9751
1905_output.png,0.9188
1905_output.png,0.9733
1905_output.png,0.9356
1905_output.png,0.9715
1905_output.png,0.9652
1905_output.png,0.9728
1905_output.png,0.9752
1905_output.png,0.9861
1905_output.png,0.9722
1905_output.png,0.9771
1905_output.png,0.9699
1905_output.png,0.9968
1905_output.png,0.9748
1905_output.png,0.9185
1905_output.png,0.942
1905_output.png,0.9319
1905_output.png,0.9769
1905_output.png,0.9584
1905_output.png,0.9554
1905_output.png,0.9788
1905_output.png,0.9872
1905_output.png,0.9833
1905_output.png,0.9905
1905_output.png,0.9637
1905_output.png,0.9911
1905_output.png,0.9106
1905_output.png,0.9794
1905_output.png,0.9285
1905_output.png,0.9637
1905_output.png,0.9449
1905_output.png,0.955
1905_output.png,0.9688
1905_output.png,0.9628
1905_output.png,0.9642
1905_output.png,0.9679
1905_output.png,0.9691
1905_output.png,0.901
1905_output.png,0.9407
1905_output.png,0.9143
1905_output.png,0.9463
1905_output.png,0.9675
1905_output.png,0.9515
1905_output.png,0.9683
1905_output.png,0.9472
1905_output.png,0.9768
1905_output.png,0.9516
1905_output.png,0.9015
1905_output.png,0.9343
1905_output.png,0.9212
1905_output.png,0.9932
1905_output.png,0.9827
1905_output.png,0.9822
1905_output.png,0.9841
1905_output.png,0.9855
1905_output.png,0.9877
1905_output.png,0.9271
1905_output.png,0.9574
1905_output.png,0.9393
1905_output.png,0.9758
1905_output.png,0.98
1905_output.png,0.9982
1905_output.png,0.9756
1905_output.png,0.9956
1905_output.png,0.9215
1905_output.png,0.9689
1905_output.png,0.9302
1905_output.png,0.9616
1905_output.png,0.9787
1905_output.png,0.9779
1905_output.png,0.978
1905_output.png,0.9178
1905_output.png,0.9621
1905_output.png,0.9409
1905_output.png,0.9719
1905_output.png,0.9707
1905_output.png,0.9974
1905_output.png,0.9207
1905_output.png,0.9724
1905_output.png,0.9281
1905_output.png,0.9602
1905_output.png,0.9734
1905_output.png,0.918
1905_output.png,0.9408
1905_output.png,0.9321
1905_output.png,0.9769
1905_output.png,0.922
1905_output.png,0.9719
1905_output.png,0.9304
1905_output.png,0.9625
1905_output.png,0.893
1905_output.png,0.9889
1905_output.png,0.9079
1905_output.png,0.9107
1905_output.png,0.9409
1905_output.png,0.9239
2213_output.png,0.9154
2213_output.png,0.9172
2213_output.png,0.9791
2213_output.png,0.95
2213_output.png,0.918
2213_output.png,0.9516
2213_output.png,0.9226
2213_output.png,0.9275
2213_output.png,0.7806
2213_output.png,0.875
2213_output.png,0.9488
2213_output.png,0.8912
2213_output.png,0.878
2213_output.png,0.878
2213_output.png,0.7929
2213_output.png,0.9168
2213_output.png,0.8284
2213_output.png,0.9479
2213_output.png,0.9532
2213_output.png,0.8541
2213_output.png,0.9181
2213_output.png,0.8911
2213_output.png,0.8479
2213_output.png,0.8924
2213_output.png,0.9388
2213_output.png,0.8724
2213_output.png,0.8171
2213_output.png,0.8455
2213_output.png,0.9177
2213_output.png,0.8715
2213_output.png,0.8615
2213_output.png,0.8615
2213_output.png,0.8253
2213_output.png,0.8589
2213_output.png,0.8582
2213_output.png,0.8857
2213_output.png,0.8888
2213_output.png,0.9054
2213_output.png,0.9527
2213_output.png,0.9016
2213_output.png,0.9523
2213_output.png,0.8498
2213_output.png,0.9263
2213_output.png,0.8076
2213_output.png,0.9661
2213_output.png,0.9175
2213_output.png,0.9117
2213_output.png,0.9179
2213_output.png,0.9179
2213_output.png,0.8152
2213_output.png,0.9918
2213_output.png,0.8479
2213_output.png,0.9552
2213_output.png,0.9548
2213_output.png,0.9394
2213_output.png,0.8947
2213_output.png,0.9482
2213_output.png,0.9241
2213_output.png,0.9302
2213_output.png,0.7616
2213_output.png,0.8772
2213_output.png,0.957
2213_output.png,0.8867
2213_output.png,0.8767
2213_output.png,0.8767
2213_output.png,0.7671
2213_output.png,0.9065
2213_output.png,0.828
2213_output.png,0.9409
2213_output.png,0.9453
2213_output.png,0.9101
2213_output.png,0.9946
2213_output.png,0.8887
2213_output.png,0.971
2213_output.png,0.7379
2213_output.png,0.9156
2213_output.png,0.9479
2213_output.png,0.9414
2213_output.png,0.9353
2213_output.png,0.9353
2213_output.png,0.8654
2213_output.png,0.9446
2213_output.png,0.794
2213_output.png,0.9946
2213_output.png,0.9969
2213_output.png,0.9009
2213_output.png,0.8792
2213_output.png,0.8885
2213_output.png,0.704
2213_output.png,0.8506
2213_output.png,0.8568
2213_output.png,0.8667
2213_output.png,0.8657
2213_output.png,0.8657
2213_output.png,0.7746
2213_output.png,0.9039
2213_output.png,0.7719
2213_output.png,0.9036
2213_output.png,0.9041
2213_output.png,0.888
2213_output.png,0.9671
2213_output.png,0.7373
2213_output.png,0.9199
2213_output.png,0.9523
2213_output.png,0.9358
2213_output.png,0.9324
2213_output.png,0.9324
2213_output.png,0.8598
2213_output.png,0.9459
2213_output.png,0.7918
2213_output.png,0.9967
2213_output.png,0.9978
2213_output.png,0.8569
2213_output.png,0.7542
2213_output.png,0.8245
2213_output.png,0.9033
2213_output.png,0.8699
2213_output.png,0.8577
2213_output.png,0.8577
2213_output.png,0.7516
2213_output.png,0.8507
2213_output.png,0.8055
2213_output.png,0.8815
2213_output.png,0.8843
2213_output.png,0.7156
2213_output.png,0.8951
2213_output.png,0.9325
2213_output.png,0.9113
2213_output.png,0.901
2213_output.png,0.901
2213_output.png,0.8525
2213_output.png,0.9272
2213_output.png,0.7732
2213_output.png,0.9653
2213_output.png,0.9731
2213_output.png,0.8323
2213_output.png,0.7871
2213_output.png,0.7537
2213_output.png,0.7629
2213_output.png,0.7629
2213_output.png,0.7797
2213_output.png,0.8079
2213_output.png,0.9565
2213_output.png,0.7362
2213_output.png,0.736
2213_output.png,0.8925
2213_output.png,0.911
2213_output.png,0.9244
2213_output.png,0.9244
2213_output.png,0.7951
2213_output.png,0.9727
2213_output.png,0.8478
2213_output.png,0.9221
2213_output.png,0.9174
2213_output.png,0.9063
2213_output.png,0.8953
2213_output.png,0.8953
2213_output.png,0.8072
2213_output.png,0.9088
2213_output.png,0.8266
2213_output.png,0.9463
2213_output.png,0.9521
2213_output.png,0.9867
2213_output.png,0.9867
2213_output.png,0.8286
2213_output.png,0.9039
2213_output.png,0.7807
2213_output.png,0.935
2213_output.png,0.9371
2213_output.png,1.0
2213_output.png,0.842
2213_output.png,0.9122
2213_output.png,0.7961
2213_output.png,0.9364
2213_output.png,0.9294
2213_output.png,0.842
2213_output.png,0.9122
2213_output.png,0.7961
2213_output.png,0.9364
2213_output.png,0.9294
2213_output.png,0.8136
2213_output.png,0.8168
2213_output.png,0.8653
2213_output.png,0.8573
2213_output.png,0.8507
2213_output.png,0.9496
2213_output.png,0.9465
2213_output.png,0.7897
2213_output.png,0.7877
2213_output.png,0.9959
Android_Android_41_output.png,0.9803
Android_Android_41_output.png,0.8235
Android_Android_41_output.png,0.8994
Android_Android_41_output.png,0.9004
Android_Android_41_output.png,0.9423
Android_Android_41_output.png,0.8822
Android_Android_41_output.png,0.8986
Android_Android_41_output.png,0.8726
Android_Android_41_output.png,0.8101
Android_Android_41_output.png,0.9236
Android_Android_41_output.png,0.883
Android_Android_41_output.png,0.8482
Android_Android_41_output.png,0.8389
Android_Android_41_output.png,0.9886
Android_Android_41_output.png,0.9392
Android_Android_41_output.png,0.9481
Android_Android_41_output.png,0.9928
Android_Android_41_output.png,0.8214
Android_Android_41_output.png,0.8865
Android_Android_41_output.png,0.8257
Android_Android_41_output.png,0.9123
Android_Android_41_output.png,0.8909
Android_Android_41_output.png,0.9623
Android_Android_41_output.png,0.9002
Android_Android_41_output.png,0.9028
Android_Android_41_output.png,0.8524
Android_Android_41_output.png,0.8136
Android_Android_41_output.png,0.9322
Android_Android_41_output.png,0.8991
Android_Android_41_output.png,0.8664
Android_Android_41_output.png,0.8498
Android_Android_41_output.png,0.9773
Android_Android_41_output.png,0.919
Android_Android_41_output.png,0.9568
Android_Android_41_output.png,0.9778
Android_Android_41_output.png,0.8321
Android_Android_41_output.png,0.8971
Android_Android_41_output.png,0.8387
Android_Android_41_output.png,0.7316
Android_Android_41_output.png,0.8126
Android_Android_41_output.png,0.8179
Android_Android_41_output.png,0.8092
Android_Android_41_output.png,0.8495
Android_Android_41_output.png,0.6853
Android_Android_41_output.png,0.8175
Android_Android_41_output.png,0.8079
Android_Android_41_output.png,0.7632
Android_Android_41_output.png,0.7405
Android_Android_41_output.png,0.8209
Android_Android_41_output.png,0.773
Android_Android_41_output.png,0.8174
Android_Android_41_output.png,0.8316
Android_Android_41_output.png,0.7217
Android_Android_41_output.png,0.8729
Android_Android_41_output.png,0.8361
Android_Android_41_output.png,0.9072
Android_Android_41_output.png,0.9811
Android_Android_41_output.png,0.9323
Android_Android_41_output.png,0.799
Android_Android_41_output.png,0.8589
Android_Android_41_output.png,0.9189
Android_Android_41_output.png,0.9761
Android_Android_41_output.png,0.9412
Android_Android_41_output.png,0.9292
Android_Android_41_output.png,0.9015
Android_Android_41_output.png,0.8699
Android_Android_41_output.png,0.9197
Android_Android_41_output.png,0.9046
Android_Android_41_output.png,0.9101
Android_Android_41_output.png,0.8688
Android_Android_41_output.png,0.8623
Android_Android_41_output.png,0.8216
Android_Android_41_output.png,0.8402
Android_Android_41_output.png,0.7653
Android_Android_41_output.png,0.9154
Android_Android_41_output.png,0.882
Android_Android_41_output.png,0.8244
Android_Android_41_output.png,0.9085
Android_Android_41_output.png,0.9148
Android_Android_41_output.png,0.9034
Android_Android_41_output.png,0.8579
Android_Android_41_output.png,0.8625
Android_Android_41_output.png,0.9041
Android_Android_41_output.png,0.9107
Android_Android_41_output.png,0.8149
Android_Android_41_output.png,0.8991
Android_Android_41_output.png,0.889
Android_Android_41_output.png,0.8213
Android_Android_41_output.png,0.812
Android_Android_41_output.png,0.9041
Android_Android_41_output.png,0.8977
Android_Android_41_output.png,0.8557
Android_Android_41_output.png,0.8399
Android_Android_41_output.png,0.9424
Android_Android_41_output.png,0.8923
Android_Android_41_output.png,0.9323
Android_Android_41_output.png,0.943
Android_Android_41_output.png,0.8244
Android_Android_41_output.png,0.8791
Android_Android_41_output.png,0.914
Android_Android_41_output.png,0.7816
Android_Android_41_output.png,0.8562
Android_Android_41_output.png,0.9349
Android_Android_41_output.png,0.9979
Android_Android_41_output.png,0.9307
Android_Android_41_output.png,0.9192
Android_Android_41_output.png,0.8823
Android_Android_41_output.png,0.853
Android_Android_41_output.png,0.8963
Android_Android_41_output.png,0.886
Android_Android_41_output.png,0.8998
Android_Android_41_output.png,0.8567
Android_Android_41_output.png,0.7834
Android_Android_41_output.png,0.8828
Android_Android_41_output.png,0.9043
Android_Android_41_output.png,0.9094
Android_Android_41_output.png,0.9149
Android_Android_41_output.png,0.8816
Android_Android_41_output.png,0.8978
Android_Android_41_output.png,0.8654
Android_Android_41_output.png,0.872
Android_Android_41_output.png,0.9048
Android_Android_41_output.png,0.8981
Android_Android_41_output.png,0.8872
Android_Android_41_output.png,0.6863
Android_Android_41_output.png,0.801
Android_Android_41_output.png,0.7718
Android_Android_41_output.png,0.7167
Android_Android_41_output.png,0.7009
Android_Android_41_output.png,0.8663
Android_Android_41_output.png,0.8025
Android_Android_41_output.png,0.8318
Android_Android_41_output.png,0.8772
Android_Android_41_output.png,0.6795
Android_Android_41_output.png,0.7823
Android_Android_41_output.png,0.8553
Android_Android_41_output.png,0.8609
Android_Android_41_output.png,0.9429
Android_Android_41_output.png,0.9507
Android_Android_41_output.png,0.8081
Android_Android_41_output.png,0.7774
Android_Android_41_output.png,0.7735
Android_Android_41_output.png,0.8104
Android_Android_41_output.png,0.967
Android_Android_41_output.png,0.7997
Android_Android_41_output.png,0.9374
Android_Android_41_output.png,0.9053
Android_Android_41_output.png,0.896
Android_Android_41_output.png,0.9185
Android_Android_41_output.png,0.8803
Android_Android_41_output.png,0.8822
Android_Android_41_output.png,0.921
Android_Android_41_output.png,0.8806
Android_Android_41_output.png,0.8521
Android_Android_41_output.png,0.9294
Android_Android_41_output.png,0.9215
Android_Android_41_output.png,0.8801
Android_Android_41_output.png,0.8529
Android_Android_41_output.png,0.8943
Android_Android_41_output.png,0.8836
Android_Android_41_output.png,0.9016
Android_Android_41_output.png,0.8597
Android_Android_41_output.png,0.9888
Android_Android_41_output.png,0.8488
Android_Android_41_output.png,0.8226
Android_Android_41_output.png,0.8538
Android_Android_41_output.png,0.8526
Android_Android_41_output.png,0.9778
Android_Android_41_output.png,0.8275
Android_Android_41_output.png,0.8371
Android_Android_41_output.png,0.8145
Android_Android_41_output.png,0.8375
Android_Android_41_output.png,0.839
Android_Android_41_output.png,0.9848
Android_Android_41_output.png,0.8125
Android_Android_41_output.png,0.9365
Android_Android_41_output.png,0.9498
Android_Android_41_output.png,0.9938
Android_Android_41_output.png,0.8205
Android_Android_41_output.png,0.8849
Android_Android_41_output.png,0.9023
Android_Android_41_output.png,0.9407
Android_Android_41_output.png,0.792
Android_Android_41_output.png,0.8252
Android_Android_41_output.png,0.9476
Android_Android_41_output.png,0.8205
Android_Android_41_output.png,0.8852
Android_Android_41_output.png,0.8228
Android_Android_41_output.png,0.8882
Android_Android_41_output.png,0.8214
4240_output.png,0.9682
4240_output.png,0.8439
4240_output.png,0.9445
4240_output.png,0.8936
4240_output.png,0.9153
4240_output.png,0.8622
4240_output.png,0.8774
4240_output.png,0.8594
4240_output.png,0.983
4240_output.png,0.9554
4240_output.png,0.883
4240_output.png,0.986
4240_output.png,0.9538
4240_output.png,0.8423
4240_output.png,0.9049
4240_output.png,0.9826
4240_output.png,0.9499
4240_output.png,0.8959
4240_output.png,0.9822
4240_output.png,0.8611
4240_output.png,0.9279
4240_output.png,0.923
4240_output.png,0.9368
4240_output.png,0.8968
4240_output.png,0.9136
4240_output.png,0.8885
4240_output.png,0.9525
4240_output.png,0.9847
4240_output.png,0.9175
4240_output.png,0.9626
4240_output.png,0.9765
4240_output.png,0.8626
4240_output.png,0.9313
4240_output.png,0.9623
4240_output.png,0.9236
4240_output.png,0.9284
4240_output.png,0.978
4240_output.png,0.8392
4240_output.png,0.9506
4240_output.png,0.8836
4240_output.png,0.8885
4240_output.png,0.8893
4240_output.png,0.9178
4240_output.png,0.8805
4240_output.png,0.894
4240_output.png,0.8848
4240_output.png,0.8455
4240_output.png,0.8817
4240_output.png,0.9927
4240_output.png,0.9446
4240_output.png,0.8633
4240_output.png,0.874
4240_output.png,0.9376
4240_output.png,0.8662
4240_output.png,0.8833
4240_output.png,0.9451
4240_output.png,0.8641
4240_output.png,0.8863
4240_output.png,0.8815
4240_output.png,0.9276
4240_output.png,0.9263
4240_output.png,0.8956
4240_output.png,0.9589
4240_output.png,0.9178
4240_output.png,0.8458
4240_output.png,0.9057
4240_output.png,0.9364
4240_output.png,0.9858
4240_output.png,0.9083
4240_output.png,0.9382
4240_output.png,0.9307
4240_output.png,0.9543
4240_output.png,0.9429
4240_output.png,0.9205
4240_output.png,0.908
4240_output.png,0.9514
4240_output.png,0.9514
4240_output.png,0.8947
4240_output.png,0.9302
4240_output.png,0.9496
4240_output.png,0.9839
4240_output.png,0.9069
4240_output.png,0.9088
4240_output.png,0.9803
4240_output.png,0.9138
4240_output.png,0.9055
4240_output.png,0.918
4240_output.png,0.9145
4240_output.png,0.8987
4240_output.png,0.9532
4240_output.png,0.9271
4240_output.png,0.9241
4240_output.png,0.9704
4240_output.png,0.8834
4240_output.png,0.9429
4240_output.png,0.91
4240_output.png,0.9387
4240_output.png,0.9383
4240_output.png,0.9275
4240_output.png,0.9363
4240_output.png,0.8737
4240_output.png,0.8673
4240_output.png,0.9318
4240_output.png,0.9476
4240_output.png,0.8658
4240_output.png,0.9046
4240_output.png,0.8833
4240_output.png,0.9534
4240_output.png,0.872
4240_output.png,0.889
4240_output.png,0.9476
4240_output.png,0.8805
4240_output.png,0.905
4240_output.png,0.8837
4240_output.png,0.9346
4240_output.png,0.9537
4240_output.png,0.8792
4240_output.png,0.9156
4240_output.png,0.8917
4240_output.png,0.9541
4240_output.png,0.8907
4240_output.png,0.9031
4240_output.png,0.9549
4240_output.png,0.8953
4240_output.png,0.8686
4240_output.png,0.9073
4240_output.png,0.9034
4240_output.png,0.8718
4240_output.png,0.9006
4240_output.png,0.918
4240_output.png,0.9298
4240_output.png,0.8707
4240_output.png,0.8913
4240_output.png,0.9212
4240_output.png,0.8861
4240_output.png,0.9454
4240_output.png,0.8841
4240_output.png,0.9729
4240_output.png,0.9419
4240_output.png,0.882
4240_output.png,0.9275
4240_output.png,0.9888
4240_output.png,0.945
4240_output.png,0.9197
4240_output.png,0.9682
4240_output.png,0.9469
4240_output.png,0.9539
4240_output.png,0.9811
4240_output.png,0.8923
4240_output.png,0.9582
4240_output.png,0.956
4240_output.png,0.9303
4240_output.png,0.9541
4240_output.png,0.9723
4240_output.png,0.8837
4240_output.png,0.9177
4240_output.png,0.8866
4240_output.png,0.9526
4240_output.png,0.8875
4240_output.png,0.9125
4240_output.png,0.9513
4240_output.png,0.9032
4240_output.png,0.9496
4240_output.png,0.843
4240_output.png,0.9111
4240_output.png,0.9783
4240_output.png,0.9581
4240_output.png,0.9013
4240_output.png,0.9876
4240_output.png,0.8787
4240_output.png,0.9423
4240_output.png,0.9531
4240_output.png,0.918
4240_output.png,0.9344
4240_output.png,0.962
4240_output.png,0.9446
4240_output.png,0.8661
4240_output.png,0.8792
4240_output.png,0.9413
4240_output.png,0.8632
4240_output.png,0.9238
4240_output.png,0.9279
4240_output.png,0.9933
4240_output.png,0.9248
4240_output.png,0.9417
4240_output.png,0.9214
4240_output.png,0.974
4240_output.png,0.9266
4240_output.png,0.9408
4240_output.png,0.9151
3457_output.png,0.9688
3457_output.png,0.9738
3457_output.png,0.9708
3457_output.png,0.9685
3457_output.png,0.9584
3457_output.png,0.9891
3457_output.png,0.9248
3457_output.png,0.9686
3457_output.png,0.9955
3457_output.png,0.9738
3457_output.png,0.9413
3457_output.png,0.9857
3457_output.png,0.9738
3457_output.png,0.9799
3457_output.png,0.9809
3457_output.png,0.9624
3457_output.png,0.9964
3457_output.png,0.97
3457_output.png,0.9433
3457_output.png,0.9905
3457_output.png,0.9421
3457_output.png,0.9646
3457_output.png,0.9962
3457_output.png,0.9759
3457_output.png,0.9288
3457_output.png,0.9763
3457_output.png,0.9673
3457_output.png,0.9905
3457_output.png,0.9445
3457_output.png,0.9777
3457_output.png,0.9905
3457_output.png,0.9867
3457_output.png,0.9913
3457_output.png,0.9657
3457_output.png,0.9732
3457_output.png,0.9623
3457_output.png,0.9669
3457_output.png,0.9541
3457_output.png,0.9688
3457_output.png,0.9915
3457_output.png,0.9833
3457_output.png,0.9319
3457_output.png,0.9845
3457_output.png,0.9735
3457_output.png,1.0
3457_output.png,0.9464
3457_output.png,0.9651
3457_output.png,1.0
3457_output.png,0.9949
3457_output.png,0.9944
3457_output.png,0.9756
3457_output.png,0.9816
3457_output.png,0.9615
3457_output.png,0.9581
3457_output.png,0.9547
3457_output.png,0.933
3457_output.png,0.9789
3457_output.png,0.9276
3457_output.png,0.96
3457_output.png,0.9685
3457_output.png,0.9541
3457_output.png,0.9215
3457_output.png,0.9539
3457_output.png,0.9541
3457_output.png,0.9503
3457_output.png,0.9569
3457_output.png,0.9354
3457_output.png,0.9716
3457_output.png,0.9822
3457_output.png,0.9088
3457_output.png,0.9613
3457_output.png,0.9669
3457_output.png,0.9541
3457_output.png,0.9603
3457_output.png,0.9694
3457_output.png,0.9688
3457_output.png,0.9385
3457_output.png,0.965
3457_output.png,0.9688
3457_output.png,0.9682
3457_output.png,0.9686
3457_output.png,0.953
3457_output.png,0.9735
3457_output.png,0.969
3457_output.png,0.9415
3457_output.png,0.9681
3457_output.png,0.9242
3457_output.png,0.9721
3457_output.png,0.9588
3457_output.png,0.9915
3457_output.png,0.9435
3457_output.png,0.9678
3457_output.png,0.9915
3457_output.png,0.9868
3457_output.png,0.9847
3457_output.png,0.9686
3457_output.png,0.967
3457_output.png,0.9545
3457_output.png,0.9716
3457_output.png,0.9282
3457_output.png,0.9838
3457_output.png,0.9858
3457_output.png,0.9833
3457_output.png,0.9409
3457_output.png,0.9761
3457_output.png,0.9833
3457_output.png,0.9806
3457_output.png,0.9871
3457_output.png,0.9606
3457_output.png,0.9895
3457_output.png,0.9795
3457_output.png,0.9393
3457_output.png,0.9341
3457_output.png,0.9347
3457_output.png,0.9319
3457_output.png,0.9235
3457_output.png,0.9231
3457_output.png,0.9319
3457_output.png,0.9287
3457_output.png,0.9295
3457_output.png,0.9243
3457_output.png,0.9299
3457_output.png,0.9386
3457_output.png,0.9134
3457_output.png,0.9656
3457_output.png,0.9845
3457_output.png,0.939
3457_output.png,0.9619
3457_output.png,0.9845
3457_output.png,0.9816
3457_output.png,0.9847
3457_output.png,0.9536
3457_output.png,0.972
3457_output.png,0.9638
3457_output.png,0.9329
3457_output.png,0.9735
3457_output.png,0.9418
3457_output.png,0.9805
3457_output.png,0.9735
3457_output.png,0.9797
3457_output.png,0.9783
3457_output.png,0.9653
3457_output.png,0.9944
3457_output.png,0.9678
3457_output.png,0.9471
3457_output.png,0.9464
3457_output.png,0.9651
3457_output.png,1.0
3457_output.png,0.9949
3457_output.png,0.9944
3457_output.png,0.9756
3457_output.png,0.9816
3457_output.png,0.9615
3457_output.png,0.9581
3457_output.png,0.939
3457_output.png,0.9464
3457_output.png,0.9458
3457_output.png,0.9457
3457_output.png,0.9295
3457_output.png,0.9461
3457_output.png,0.9373
3457_output.png,0.9258
3457_output.png,0.9651
3457_output.png,0.9702
3457_output.png,0.9728
3457_output.png,0.9575
3457_output.png,0.9832
3457_output.png,0.9689
3457_output.png,0.9605
3457_output.png,0.9949
3457_output.png,0.9944
3457_output.png,0.9756
3457_output.png,0.9816
3457_output.png,0.9615
3457_output.png,0.9581
3457_output.png,0.9921
3457_output.png,0.9776
3457_output.png,0.9852
3457_output.png,0.9559
3457_output.png,0.9595
3457_output.png,0.9685
3457_output.png,0.9834
3457_output.png,0.963
3457_output.png,0.9505
3457_output.png,0.9745
3457_output.png,0.9356
3457_output.png,0.9825
3457_output.png,0.9703
3457_output.png,0.9564
3457_output.png,0.9277
Android_Android_140_output.png,0.9084
Android_Android_140_output.png,0.8989
Android_Android_140_output.png,0.894
Android_Android_140_output.png,0.9506
Android_Android_140_output.png,0.8926
Android_Android_140_output.png,0.8497
Android_Android_140_output.png,0.9358
Android_Android_140_output.png,0.8976
Android_Android_140_output.png,0.9129
Android_Android_140_output.png,0.8715
Android_Android_140_output.png,0.9627
Android_Android_140_output.png,0.9254
Android_Android_140_output.png,0.8766
Android_Android_140_output.png,0.8953
Android_Android_140_output.png,0.8813
Android_Android_140_output.png,0.8382
Android_Android_140_output.png,0.8997
Android_Android_140_output.png,0.8885
Android_Android_140_output.png,0.8909
Android_Android_140_output.png,0.9419
Android_Android_140_output.png,0.969
Android_Android_140_output.png,0.9464
Android_Android_140_output.png,0.9343
Android_Android_140_output.png,0.9163
Android_Android_140_output.png,0.9371
Android_Android_140_output.png,0.9531
Android_Android_140_output.png,0.9575
Android_Android_140_output.png,0.954
Android_Android_140_output.png,0.9434
Android_Android_140_output.png,0.9735
Android_Android_140_output.png,0.9534
Android_Android_140_output.png,0.9526
Android_Android_140_output.png,0.9575
Android_Android_140_output.png,0.9058
Android_Android_140_output.png,0.9518
Android_Android_140_output.png,0.9778
Android_Android_140_output.png,0.9169
Android_Android_140_output.png,0.9254
Android_Android_140_output.png,0.8955
Android_Android_140_output.png,0.9562
Android_Android_140_output.png,0.8611
Android_Android_140_output.png,0.8922
Android_Android_140_output.png,0.9645
Android_Android_140_output.png,0.9552
Android_Android_140_output.png,0.952
Android_Android_140_output.png,0.9282
Android_Android_140_output.png,0.946
Android_Android_140_output.png,0.9501
Android_Android_140_output.png,0.9553
Android_Android_140_output.png,0.9733
Android_Android_140_output.png,0.9119
Android_Android_140_output.png,0.9626
Android_Android_140_output.png,0.944
Android_Android_140_output.png,0.8909
Android_Android_140_output.png,0.9263
Android_Android_140_output.png,0.9238
Android_Android_140_output.png,0.9228
Android_Android_140_output.png,0.9124
Android_Android_140_output.png,0.9719
Android_Android_140_output.png,0.966
Android_Android_140_output.png,0.9561
Android_Android_140_output.png,0.9241
Android_Android_140_output.png,0.9626
Android_Android_140_output.png,0.9573
Android_Android_140_output.png,0.9607
Android_Android_140_output.png,0.9234
Android_Android_140_output.png,0.8846
Android_Android_140_output.png,0.9728
Android_Android_140_output.png,0.9455
Android_Android_140_output.png,0.8919
Android_Android_140_output.png,0.9129
Android_Android_140_output.png,0.916
Android_Android_140_output.png,0.9875
Android_Android_140_output.png,0.9147
Android_Android_140_output.png,0.9305
Android_Android_140_output.png,0.9144
Android_Android_140_output.png,0.9652
Android_Android_140_output.png,0.9442
Android_Android_140_output.png,0.9178
Android_Android_140_output.png,0.9143
Android_Android_140_output.png,0.9083
Android_Android_140_output.png,0.8742
Android_Android_140_output.png,0.9156
Android_Android_140_output.png,0.9403
Android_Android_140_output.png,0.9337
Android_Android_140_output.png,0.8511
Android_Android_140_output.png,0.8984
Android_Android_140_output.png,0.9638
Android_Android_140_output.png,0.9553
Android_Android_140_output.png,0.9557
Android_Android_140_output.png,0.8965
Android_Android_140_output.png,0.95
Android_Android_140_output.png,0.9556
Android_Android_140_output.png,0.9534
Android_Android_140_output.png,0.9656
Android_Android_140_output.png,0.9021
Android_Android_140_output.png,0.9613
Android_Android_140_output.png,0.9439
Android_Android_140_output.png,0.8928
Android_Android_140_output.png,0.9321
Android_Android_140_output.png,0.8949
Android_Android_140_output.png,0.914
Android_Android_140_output.png,0.9308
Android_Android_140_output.png,0.9022
Android_Android_140_output.png,0.9014
Android_Android_140_output.png,0.9332
Android_Android_140_output.png,0.9281
Android_Android_140_output.png,0.8872
Android_Android_140_output.png,0.8454
Android_Android_140_output.png,0.8971
Android_Android_140_output.png,0.9113
Android_Android_140_output.png,0.9569
Android_Android_140_output.png,0.9005
Android_Android_140_output.png,0.9232
Android_Android_140_output.png,0.918
Android_Android_140_output.png,0.9538
Android_Android_140_output.png,0.9355
Android_Android_140_output.png,0.92
Android_Android_140_output.png,0.9148
Android_Android_140_output.png,0.9152
Android_Android_140_output.png,0.875
Android_Android_140_output.png,0.9015
Android_Android_140_output.png,0.9437
Android_Android_140_output.png,0.9528
Android_Android_140_output.png,0.9816
Android_Android_140_output.png,0.9749
Android_Android_140_output.png,0.9259
Android_Android_140_output.png,0.9605
Android_Android_140_output.png,0.9747
Android_Android_140_output.png,0.9783
Android_Android_140_output.png,0.9585
Android_Android_140_output.png,0.9146
Android_Android_140_output.png,0.9994
Android_Android_140_output.png,0.9509
Android_Android_140_output.png,0.89
Android_Android_140_output.png,0.9722
Android_Android_140_output.png,0.9317
Android_Android_140_output.png,0.9636
Android_Android_140_output.png,0.9734
Android_Android_140_output.png,0.9792
Android_Android_140_output.png,0.9575
Android_Android_140_output.png,0.9264
Android_Android_140_output.png,0.9823
Android_Android_140_output.png,0.9543
Android_Android_140_output.png,0.9133
Android_Android_140_output.png,0.9113
Android_Android_140_output.png,0.9551
Android_Android_140_output.png,0.9987
Android_Android_140_output.png,0.992
Android_Android_140_output.png,0.9768
Android_Android_140_output.png,0.9109
Android_Android_140_output.png,0.9748
Android_Android_140_output.png,0.9636
Android_Android_140_output.png,0.92
Android_Android_140_output.png,0.9345
Android_Android_140_output.png,0.9134
Android_Android_140_output.png,0.9201
Android_Android_140_output.png,0.9156
Android_Android_140_output.png,0.8716
Android_Android_140_output.png,0.9265
Android_Android_140_output.png,0.9271
Android_Android_140_output.png,0.9053
Android_Android_140_output.png,0.9582
Android_Android_140_output.png,0.9624
Android_Android_140_output.png,0.9542
Android_Android_140_output.png,0.8939
Android_Android_140_output.png,0.9611
Android_Android_140_output.png,0.9639
Android_Android_140_output.png,0.9205
Android_Android_140_output.png,0.9945
Android_Android_140_output.png,0.9753
Android_Android_140_output.png,0.9094
Android_Android_140_output.png,0.9756
Android_Android_140_output.png,0.9641
Android_Android_140_output.png,0.9221
Android_Android_140_output.png,0.97
Android_Android_140_output.png,0.9042
Android_Android_140_output.png,0.9797
Android_Android_140_output.png,0.9552
Android_Android_140_output.png,0.919
Android_Android_140_output.png,0.9232
Android_Android_140_output.png,0.9565
Android_Android_140_output.png,0.9733
Android_Android_140_output.png,0.9144
Android_Android_140_output.png,0.9128
Android_Android_140_output.png,0.9101
Android_Android_140_output.png,0.8614
Android_Android_140_output.png,0.9508
Android_Android_140_output.png,0.8909
Android_Android_140_output.png,0.9323
34216_output.png,0.8674
34216_output.png,0.9064
34216_output.png,0.9203
34216_output.png,0.8355
34216_output.png,0.8328
34216_output.png,0.8757
34216_output.png,0.8695
34216_output.png,0.9241
34216_output.png,0.8444
34216_output.png,0.9429
34216_output.png,0.9232
34216_output.png,0.868
34216_output.png,0.9168
34216_output.png,0.9949
34216_output.png,0.9044
34216_output.png,0.9001
34216_output.png,0.8434
34216_output.png,0.9026
34216_output.png,0.855
34216_output.png,0.8462
34216_output.png,0.9244
34216_output.png,0.8961
34216_output.png,0.9024
34216_output.png,0.9002
34216_output.png,0.8929
34216_output.png,0.911
34216_output.png,0.9675
34216_output.png,0.8906
34216_output.png,0.8979
34216_output.png,0.8919
34216_output.png,0.9123
34216_output.png,0.8784
34216_output.png,0.9019
34216_output.png,0.9154
34216_output.png,0.8412
34216_output.png,0.9294
34216_output.png,0.8934
34216_output.png,0.9339
34216_output.png,0.7876
34216_output.png,0.7853
34216_output.png,0.9087
34216_output.png,0.9029
34216_output.png,0.9431
34216_output.png,0.8255
34216_output.png,0.9656
34216_output.png,0.8957
34216_output.png,0.896
34216_output.png,0.8838
34216_output.png,0.9099
34216_output.png,0.8659
34216_output.png,0.9162
34216_output.png,0.7655
34216_output.png,0.8312
34216_output.png,0.9158
34216_output.png,0.8696
34216_output.png,0.8621
34216_output.png,0.9252
34216_output.png,0.9176
34216_output.png,0.9571
34216_output.png,0.922
34216_output.png,0.9633
34216_output.png,0.9243
34216_output.png,0.9112
34216_output.png,0.9309
34216_output.png,0.925
34216_output.png,0.8963
34216_output.png,0.9275
34216_output.png,0.8221
34216_output.png,0.8944
34216_output.png,0.8977
34216_output.png,0.9769
34216_output.png,0.8717
34216_output.png,0.87
34216_output.png,0.8523
34216_output.png,0.908
34216_output.png,0.8203
34216_output.png,0.849
34216_output.png,0.8711
34216_output.png,0.8554
34216_output.png,0.8354
34216_output.png,0.8994
34216_output.png,0.8476
34216_output.png,0.8747
34216_output.png,0.8615
34216_output.png,0.8582
34216_output.png,0.8764
34216_output.png,0.8787
34216_output.png,0.8544
34216_output.png,0.9066
34216_output.png,0.8229
34216_output.png,0.8362
34216_output.png,0.8924
34216_output.png,0.8485
34216_output.png,0.835
34216_output.png,0.8969
34216_output.png,0.87
34216_output.png,0.8634
34216_output.png,0.867
34216_output.png,0.8785
34216_output.png,0.9951
34216_output.png,0.9581
34216_output.png,0.9059
34216_output.png,0.929
34216_output.png,0.9514
34216_output.png,0.9873
34216_output.png,0.9433
34216_output.png,0.8796
34216_output.png,0.938
34216_output.png,0.969
34216_output.png,0.8492
34216_output.png,0.8803
34216_output.png,0.9635
34216_output.png,0.9527
34216_output.png,0.9002
34216_output.png,0.9229
34216_output.png,0.9457
34216_output.png,0.9904
34216_output.png,0.935
34216_output.png,0.873
34216_output.png,0.938
34216_output.png,0.968
34216_output.png,0.845
34216_output.png,0.8726
34216_output.png,0.9651
34216_output.png,0.8982
34216_output.png,0.9694
34216_output.png,0.9505
34216_output.png,0.9491
34216_output.png,0.9451
34216_output.png,0.926
34216_output.png,0.9326
34216_output.png,0.966
34216_output.png,0.8529
34216_output.png,0.9068
34216_output.png,0.9312
34216_output.png,0.87
34216_output.png,0.8889
34216_output.png,0.9041
34216_output.png,0.9035
34216_output.png,0.8537
34216_output.png,0.9096
34216_output.png,0.9073
34216_output.png,0.8075
34216_output.png,0.9029
34216_output.png,0.8839
34216_output.png,0.9391
34216_output.png,0.918
34216_output.png,0.9298
34216_output.png,0.947
34216_output.png,0.912
34216_output.png,0.9477
34216_output.png,0.8202
34216_output.png,0.8917
34216_output.png,0.8994
34216_output.png,0.9384
34216_output.png,0.9863
34216_output.png,0.9292
34216_output.png,0.9331
34216_output.png,0.9592
34216_output.png,0.8832
34216_output.png,0.9186
34216_output.png,0.916
34216_output.png,0.9302
34216_output.png,0.8714
34216_output.png,0.9404
34216_output.png,0.9748
34216_output.png,0.8385
34216_output.png,0.8767
34216_output.png,0.9693
34216_output.png,0.924
34216_output.png,0.9247
34216_output.png,0.9558
34216_output.png,0.8921
34216_output.png,0.9406
34216_output.png,0.9099
34216_output.png,0.8988
34216_output.png,0.9064
34216_output.png,0.8437
34216_output.png,0.9136
34216_output.png,0.8614
34216_output.png,0.94
34216_output.png,0.8635
34216_output.png,0.8926
34216_output.png,0.8999
34216_output.png,0.8392
34216_output.png,0.9044
34216_output.png,0.9525
34216_output.png,0.8499
34216_output.png,0.8243
34216_output.png,0.865
Android_Android_58_output.png,0.8527
Android_Android_58_output.png,0.8525
Android_Android_58_output.png,0.9273
Android_Android_58_output.png,0.9003
Android_Android_58_output.png,0.9291
Android_Android_58_output.png,0.8871
Android_Android_58_output.png,0.8846
Android_Android_58_output.png,0.9152
Android_Android_58_output.png,0.9041
Android_Android_58_output.png,0.9383
Android_Android_58_output.png,0.9251
Android_Android_58_output.png,0.9525
Android_Android_58_output.png,0.9024
Android_Android_58_output.png,0.928
Android_Android_58_output.png,0.9429
Android_Android_58_output.png,0.9266
Android_Android_58_output.png,0.9012
Android_Android_58_output.png,0.8868
Android_Android_58_output.png,0.9163
Android_Android_58_output.png,0.9592
Android_Android_58_output.png,0.8851
Android_Android_58_output.png,0.87
Android_Android_58_output.png,0.8766
Android_Android_58_output.png,0.9655
Android_Android_58_output.png,0.8758
Android_Android_58_output.png,0.9143
Android_Android_58_output.png,0.8751
Android_Android_58_output.png,0.8885
Android_Android_58_output.png,0.89
Android_Android_58_output.png,0.8894
Android_Android_58_output.png,0.9576
Android_Android_58_output.png,0.9188
Android_Android_58_output.png,0.8714
Android_Android_58_output.png,0.8669
Android_Android_58_output.png,0.9167
Android_Android_58_output.png,0.8818
Android_Android_58_output.png,0.9241
Android_Android_58_output.png,0.8671
Android_Android_58_output.png,0.8355
Android_Android_58_output.png,0.8596
Android_Android_58_output.png,0.9407
Android_Android_58_output.png,0.8433
Android_Android_58_output.png,0.8807
Android_Android_58_output.png,0.8417
Android_Android_58_output.png,0.8607
Android_Android_58_output.png,0.867
Android_Android_58_output.png,0.8707
Android_Android_58_output.png,0.946
Android_Android_58_output.png,0.906
Android_Android_58_output.png,0.8484
Android_Android_58_output.png,0.8427
Android_Android_58_output.png,0.8767
Android_Android_58_output.png,0.8358
Android_Android_58_output.png,0.9121
Android_Android_58_output.png,0.9318
Android_Android_58_output.png,0.9281
Android_Android_58_output.png,0.8864
Android_Android_58_output.png,0.9312
Android_Android_58_output.png,0.9444
Android_Android_58_output.png,0.945
Android_Android_58_output.png,0.9576
Android_Android_58_output.png,0.9718
Android_Android_58_output.png,0.9736
Android_Android_58_output.png,0.9151
Android_Android_58_output.png,0.8941
Android_Android_58_output.png,0.947
Android_Android_58_output.png,0.9371
Android_Android_58_output.png,0.9079
Android_Android_58_output.png,0.9581
Android_Android_58_output.png,0.9327
Android_Android_58_output.png,0.9299
Android_Android_58_output.png,0.8769
Android_Android_58_output.png,0.9253
Android_Android_58_output.png,0.9413
Android_Android_58_output.png,0.9606
Android_Android_58_output.png,0.9619
Android_Android_58_output.png,0.9545
Android_Android_58_output.png,0.9485
Android_Android_58_output.png,0.8948
Android_Android_58_output.png,0.8748
Android_Android_58_output.png,0.9481
Android_Android_58_output.png,0.939
Android_Android_58_output.png,0.941
Android_Android_58_output.png,0.9334
Android_Android_58_output.png,0.9328
Android_Android_58_output.png,0.9032
Android_Android_58_output.png,0.9184
Android_Android_58_output.png,0.951
Android_Android_58_output.png,0.9417
Android_Android_58_output.png,0.9737
Android_Android_58_output.png,0.9531
Android_Android_58_output.png,0.9449
Android_Android_58_output.png,0.9116
Android_Android_58_output.png,0.9048
Android_Android_58_output.png,0.9668
Android_Android_58_output.png,0.9535
Android_Android_58_output.png,0.9273
Android_Android_58_output.png,0.9143
Android_Android_58_output.png,0.9381
Android_Android_58_output.png,0.884
Android_Android_58_output.png,0.9109
Android_Android_58_output.png,0.874
Android_Android_58_output.png,0.9029
Android_Android_58_output.png,0.8923
Android_Android_58_output.png,0.8931
Android_Android_58_output.png,0.9573
Android_Android_58_output.png,0.9593
Android_Android_58_output.png,0.8889
Android_Android_58_output.png,0.8815
Android_Android_58_output.png,0.8934
Android_Android_58_output.png,0.8605
Android_Android_58_output.png,0.9353
Android_Android_58_output.png,0.9216
Android_Android_58_output.png,0.9259
Android_Android_58_output.png,0.9377
Android_Android_58_output.png,0.9337
Android_Android_58_output.png,0.9353
Android_Android_58_output.png,0.8885
Android_Android_58_output.png,0.8549
Android_Android_58_output.png,0.9235
Android_Android_58_output.png,0.902
Android_Android_58_output.png,0.9053
Android_Android_58_output.png,0.8994
Android_Android_58_output.png,0.9247
Android_Android_58_output.png,0.9446
Android_Android_58_output.png,0.9682
Android_Android_58_output.png,0.9617
Android_Android_58_output.png,0.9695
Android_Android_58_output.png,0.938
Android_Android_58_output.png,0.9048
Android_Android_58_output.png,0.9555
Android_Android_58_output.png,0.9606
Android_Android_58_output.png,0.9667
Android_Android_58_output.png,0.9481
Android_Android_58_output.png,0.9592
Android_Android_58_output.png,0.9687
Android_Android_58_output.png,0.9648
Android_Android_58_output.png,0.9525
Android_Android_58_output.png,0.9016
Android_Android_58_output.png,0.8839
Android_Android_58_output.png,0.9569
Android_Android_58_output.png,0.9403
Android_Android_58_output.png,0.9247
Android_Android_58_output.png,0.9689
Android_Android_58_output.png,0.9227
Android_Android_58_output.png,0.9792
Android_Android_58_output.png,0.9748
Android_Android_58_output.png,0.9191
Android_Android_58_output.png,0.9079
Android_Android_58_output.png,0.9916
Android_Android_58_output.png,0.9745
Android_Android_58_output.png,0.9461
Android_Android_58_output.png,0.9471
Android_Android_58_output.png,0.9555
Android_Android_58_output.png,0.9787
Android_Android_58_output.png,0.9173
Android_Android_58_output.png,0.8953
Android_Android_58_output.png,0.9692
Android_Android_58_output.png,0.9636
Android_Android_58_output.png,0.9379
Android_Android_58_output.png,0.9542
Android_Android_58_output.png,0.9469
Android_Android_58_output.png,0.9172
Android_Android_58_output.png,0.9047
Android_Android_58_output.png,0.9666
Android_Android_58_output.png,0.9592
Android_Android_58_output.png,0.9415
Android_Android_58_output.png,0.9449
Android_Android_58_output.png,0.9501
Android_Android_58_output.png,0.9421
Android_Android_58_output.png,0.9067
Android_Android_58_output.png,0.9018
Android_Android_58_output.png,0.9172
Android_Android_58_output.png,0.9005
Android_Android_58_output.png,0.9315
Android_Android_58_output.png,0.9047
Android_Android_58_output.png,0.8968
Android_Android_58_output.png,0.8837
Android_Android_58_output.png,0.8733
Android_Android_58_output.png,0.91
Android_Android_58_output.png,0.9813
Android_Android_58_output.png,0.9353
Android_Android_58_output.png,0.9339
Android_Android_58_output.png,0.9443
Android_Android_58_output.png,0.9326
Android_Android_58_output.png,0.9295
Android_Android_58_output.png,0.9346
Android_Android_58_output.png,0.9299
Android_Android_58_output.png,0.9555
Android_Android_58_output.png,0.9161
408_output.png,0.9789
408_output.png,0.9863
408_output.png,0.9958
408_output.png,0.9912
408_output.png,0.9146
408_output.png,0.9793
408_output.png,0.976
408_output.png,0.9505
408_output.png,0.9843
408_output.png,0.9799
408_output.png,0.9807
408_output.png,0.9915
408_output.png,0.9849
408_output.png,0.9934
408_output.png,0.9849
408_output.png,0.9827
408_output.png,0.9368
408_output.png,0.9458
408_output.png,0.97
408_output.png,0.9784
408_output.png,0.9778
408_output.png,0.9786
408_output.png,0.9044
408_output.png,0.9687
408_output.png,0.9733
408_output.png,0.9468
408_output.png,0.968
408_output.png,0.9694
408_output.png,0.9942
408_output.png,0.9717
408_output.png,0.9742
408_output.png,0.9761
408_output.png,0.9743
408_output.png,0.9733
408_output.png,0.9242
408_output.png,0.9323
408_output.png,0.9764
408_output.png,0.985
408_output.png,0.9874
408_output.png,0.9184
408_output.png,0.9779
408_output.png,0.965
408_output.png,0.947
408_output.png,0.9824
408_output.png,0.9786
408_output.png,0.9728
408_output.png,0.9891
408_output.png,0.982
408_output.png,0.9836
408_output.png,0.9821
408_output.png,0.9909
408_output.png,0.9394
408_output.png,0.9431
408_output.png,0.9659
408_output.png,0.9891
408_output.png,0.9127
408_output.png,0.9712
408_output.png,0.978
408_output.png,0.9451
408_output.png,0.9844
408_output.png,0.9723
408_output.png,0.9819
408_output.png,0.9854
408_output.png,0.9847
408_output.png,0.9883
408_output.png,0.9848
408_output.png,0.9805
408_output.png,0.9362
408_output.png,0.9416
408_output.png,0.9713
408_output.png,0.9229
408_output.png,0.9852
408_output.png,0.967
408_output.png,0.9375
408_output.png,0.9728
408_output.png,0.9849
408_output.png,0.971
408_output.png,0.9782
408_output.png,0.9895
408_output.png,0.9916
408_output.png,0.9896
408_output.png,0.9826
408_output.png,0.9362
408_output.png,0.9352
408_output.png,0.9707
408_output.png,0.9114
408_output.png,0.8934
408_output.png,0.8737
408_output.png,0.9034
408_output.png,0.9115
408_output.png,0.8919
408_output.png,0.9058
408_output.png,0.9285
408_output.png,0.9099
408_output.png,0.9285
408_output.png,0.9236
408_output.png,0.9849
408_output.png,0.8708
408_output.png,0.9014
408_output.png,0.9515
408_output.png,0.942
408_output.png,0.9609
408_output.png,0.9986
408_output.png,0.959
408_output.png,0.972
408_output.png,0.974
408_output.png,0.9835
408_output.png,0.974
408_output.png,0.9727
408_output.png,0.924
408_output.png,0.9303
408_output.png,0.9572
408_output.png,0.9158
408_output.png,0.985
408_output.png,0.9515
408_output.png,0.9771
408_output.png,0.9688
408_output.png,0.9656
408_output.png,0.9689
408_output.png,0.9653
408_output.png,0.9617
408_output.png,0.9176
408_output.png,0.9194
408_output.png,0.9927
408_output.png,0.943
408_output.png,0.9429
408_output.png,0.9526
408_output.png,0.9568
408_output.png,0.931
408_output.png,0.9449
408_output.png,0.9309
408_output.png,0.9452
408_output.png,0.8973
408_output.png,0.9603
408_output.png,0.9095
408_output.png,0.9614
408_output.png,0.9732
408_output.png,0.9888
408_output.png,0.9699
408_output.png,0.9766
408_output.png,0.9697
408_output.png,0.9786
408_output.png,0.9309
408_output.png,0.9425
408_output.png,0.9753
408_output.png,0.9599
408_output.png,0.9725
408_output.png,0.9729
408_output.png,0.9824
408_output.png,0.9729
408_output.png,0.9724
408_output.png,0.9237
408_output.png,0.9272
408_output.png,0.957
408_output.png,0.9761
408_output.png,0.9665
408_output.png,0.9746
408_output.png,0.9666
408_output.png,0.9675
408_output.png,0.917
408_output.png,0.935
408_output.png,0.9703
408_output.png,0.9732
408_output.png,0.9863
408_output.png,0.9732
408_output.png,0.9867
408_output.png,0.9327
408_output.png,0.9497
408_output.png,0.9596
408_output.png,0.9834
408_output.png,1.0
408_output.png,0.9905
408_output.png,0.9368
408_output.png,0.9295
408_output.png,0.9698
408_output.png,0.9835
408_output.png,0.981
408_output.png,0.93
408_output.png,0.9421
408_output.png,0.9657
408_output.png,0.9906
408_output.png,0.9368
408_output.png,0.9296
408_output.png,0.9696
408_output.png,0.9368
408_output.png,0.9389
408_output.png,0.9629
408_output.png,0.9014
408_output.png,0.9202
408_output.png,0.9134
33575_output.png,0.963
33575_output.png,0.8784
33575_output.png,0.8557
33575_output.png,0.8957
33575_output.png,0.8218
33575_output.png,0.8686
33575_output.png,0.8744
33575_output.png,0.9162
33575_output.png,0.8851
33575_output.png,0.9632
33575_output.png,0.9402
33575_output.png,0.9432
33575_output.png,0.8967
33575_output.png,0.8886
33575_output.png,0.9419
33575_output.png,0.9356
33575_output.png,0.8463
33575_output.png,0.9176
33575_output.png,0.8716
33575_output.png,0.8955
33575_output.png,0.9053
33575_output.png,0.9206
33575_output.png,0.8443
33575_output.png,0.8978
33575_output.png,0.8986
33575_output.png,0.9186
33575_output.png,0.9085
33575_output.png,0.9744
33575_output.png,0.9616
33575_output.png,0.9647
33575_output.png,0.9063
33575_output.png,0.9147
33575_output.png,0.9633
33575_output.png,0.9562
33575_output.png,0.8782
33575_output.png,0.9559
33575_output.png,0.898
33575_output.png,0.8406
33575_output.png,0.8761
33575_output.png,0.8308
33575_output.png,0.8433
33575_output.png,0.8706
33575_output.png,0.9363
33575_output.png,0.846
33575_output.png,0.8674
33575_output.png,0.8901
33575_output.png,0.8871
33575_output.png,0.9479
33575_output.png,0.853
33575_output.png,0.8886
33575_output.png,0.8922
33575_output.png,0.9249
33575_output.png,0.8294
33575_output.png,0.7951
33575_output.png,0.8879
33575_output.png,0.8821
33575_output.png,0.9245
33575_output.png,0.9192
33575_output.png,0.8962
33575_output.png,0.9234
33575_output.png,0.8951
33575_output.png,0.9152
33575_output.png,0.9192
33575_output.png,0.8661
33575_output.png,0.9384
33575_output.png,0.9181
33575_output.png,0.929
33575_output.png,0.8892
33575_output.png,0.9082
33575_output.png,0.9178
33575_output.png,0.934
33575_output.png,0.922
33575_output.png,0.9147
33575_output.png,0.9118
33575_output.png,0.8886
33575_output.png,0.9379
33575_output.png,0.9667
33575_output.png,0.9667
33575_output.png,0.8964
33575_output.png,0.9024
33575_output.png,0.9677
33575_output.png,0.9466
33575_output.png,0.8654
33575_output.png,0.9068
33575_output.png,0.896
33575_output.png,0.9201
33575_output.png,0.932
33575_output.png,0.8605
33575_output.png,0.9071
33575_output.png,0.8756
33575_output.png,0.9099
33575_output.png,0.9084
33575_output.png,0.8466
33575_output.png,0.9121
33575_output.png,0.9091
33575_output.png,0.8929
33575_output.png,0.8818
33575_output.png,0.8138
33575_output.png,0.8977
33575_output.png,0.9433
33575_output.png,0.9042
33575_output.png,0.9447
33575_output.png,0.9096
33575_output.png,0.9416
33575_output.png,0.939
33575_output.png,0.8579
33575_output.png,0.9527
33575_output.png,0.941
33575_output.png,0.9366
33575_output.png,0.8838
33575_output.png,0.8649
33575_output.png,0.9368
33575_output.png,0.9102
33575_output.png,0.9614
33575_output.png,0.912
33575_output.png,0.9327
33575_output.png,0.9355
33575_output.png,0.8921
33575_output.png,0.9809
33575_output.png,0.9375
33575_output.png,0.944
33575_output.png,0.9351
33575_output.png,0.8478
33575_output.png,0.9464
33575_output.png,0.9135
33575_output.png,0.9113
33575_output.png,0.9343
33575_output.png,0.935
33575_output.png,0.9679
33575_output.png,0.9199
33575_output.png,0.9365
33575_output.png,0.9522
33575_output.png,0.9293
33575_output.png,0.8742
33575_output.png,0.8758
33575_output.png,0.9185
33575_output.png,0.931
33575_output.png,0.9329
33575_output.png,0.8735
33575_output.png,0.9802
33575_output.png,0.9321
33575_output.png,0.9513
33575_output.png,0.8937
33575_output.png,0.8639
33575_output.png,0.9422
33575_output.png,0.9782
33575_output.png,0.9818
33575_output.png,0.8796
33575_output.png,0.9237
33575_output.png,0.9796
33575_output.png,0.9625
33575_output.png,0.8527
33575_output.png,0.9562
33575_output.png,0.9227
33575_output.png,0.9961
33575_output.png,0.9042
33575_output.png,0.9452
33575_output.png,0.9962
33575_output.png,0.9843
33575_output.png,0.8718
33575_output.png,0.94
33575_output.png,0.9297
33575_output.png,0.9075
33575_output.png,0.9476
33575_output.png,0.9996
33575_output.png,0.9858
33575_output.png,0.8747
33575_output.png,0.9392
33575_output.png,0.9356
33575_output.png,0.8847
33575_output.png,0.9082
33575_output.png,0.9162
33575_output.png,0.94
33575_output.png,0.8499
33575_output.png,0.8437
33575_output.png,0.9487
33575_output.png,0.9631
33575_output.png,0.9089
33575_output.png,0.8704
33575_output.png,0.9615
33575_output.png,0.9859
33575_output.png,0.8766
33575_output.png,0.937
33575_output.png,0.9357
33575_output.png,0.8843
33575_output.png,0.925
33575_output.png,0.9235
33575_output.png,0.8097
33575_output.png,0.8687
33575_output.png,0.8797
5334_output.png,0.9433
5334_output.png,0.8808
5334_output.png,0.9242
5334_output.png,0.9153
5334_output.png,0.9177
5334_output.png,0.8751
5334_output.png,0.9292
5334_output.png,0.9504
5334_output.png,0.8136
5334_output.png,0.9466
5334_output.png,0.8778
5334_output.png,0.8607
5334_output.png,0.9382
5334_output.png,0.8462
5334_output.png,0.8131
5334_output.png,0.8283
5334_output.png,0.8509
5334_output.png,0.8555
5334_output.png,0.878
5334_output.png,0.9133
5334_output.png,0.9317
5334_output.png,0.9338
5334_output.png,0.9208
5334_output.png,0.7973
5334_output.png,0.9443
5334_output.png,0.9769
5334_output.png,0.7296
5334_output.png,0.9542
5334_output.png,0.9296
5334_output.png,0.7969
5334_output.png,0.943
5334_output.png,0.8133
5334_output.png,0.7964
5334_output.png,0.773
5334_output.png,0.817
5334_output.png,0.8369
5334_output.png,0.7891
5334_output.png,0.9029
5334_output.png,0.9469
5334_output.png,0.8949
5334_output.png,0.7365
5334_output.png,0.9077
5334_output.png,0.8897
5334_output.png,0.6969
5334_output.png,0.9144
5334_output.png,0.9059
5334_output.png,0.7165
5334_output.png,0.9246
5334_output.png,0.7563
5334_output.png,0.8037
5334_output.png,0.7634
5334_output.png,0.7541
5334_output.png,0.7617
5334_output.png,0.7352
5334_output.png,0.9261
5334_output.png,0.9336
5334_output.png,0.7749
5334_output.png,0.941
5334_output.png,0.9327
5334_output.png,0.7497
5334_output.png,0.9551
5334_output.png,0.9153
5334_output.png,0.7581
5334_output.png,0.9095
5334_output.png,0.7969
5334_output.png,0.7961
5334_output.png,0.7744
5334_output.png,0.7887
5334_output.png,0.795
5334_output.png,0.7631
5334_output.png,0.9301
5334_output.png,0.7563
5334_output.png,0.9144
5334_output.png,0.9108
5334_output.png,0.6768
5334_output.png,0.934
5334_output.png,0.8787
5334_output.png,0.7484
5334_output.png,0.9815
5334_output.png,0.7344
5334_output.png,0.8393
5334_output.png,0.7829
5334_output.png,0.7454
5334_output.png,0.7535
5334_output.png,0.755
5334_output.png,0.7717
5334_output.png,0.9443
5334_output.png,0.9212
5334_output.png,0.7273
5334_output.png,0.953
5334_output.png,0.9367
5334_output.png,0.7549
5334_output.png,0.8964
5334_output.png,0.7766
5334_output.png,0.7904
5334_output.png,0.7349
5334_output.png,0.7704
5334_output.png,0.7781
5334_output.png,0.7736
5334_output.png,0.8377
5334_output.png,0.8386
5334_output.png,0.8616
5334_output.png,0.809
5334_output.png,0.7412
5334_output.png,0.9822
5334_output.png,0.8028
5334_output.png,0.9065
5334_output.png,0.8734
5334_output.png,0.9245
5334_output.png,0.9365
5334_output.png,0.9427
5334_output.png,0.9903
5334_output.png,0.9541
5334_output.png,0.8044
5334_output.png,0.9767
5334_output.png,0.9427
5334_output.png,0.8317
5334_output.png,0.9072
5334_output.png,0.8654
5334_output.png,0.8337
5334_output.png,0.8221
5334_output.png,0.8664
5334_output.png,0.8736
5334_output.png,0.8301
5334_output.png,0.7786
5334_output.png,0.9578
5334_output.png,0.9219
5334_output.png,0.8367
5334_output.png,0.9218
5334_output.png,0.8577
5334_output.png,0.8155
5334_output.png,0.8086
5334_output.png,0.8565
5334_output.png,0.8802
5334_output.png,0.8259
5334_output.png,0.7811
5334_output.png,0.7248
5334_output.png,0.8563
5334_output.png,0.7037
5334_output.png,0.898
5334_output.png,0.7611
5334_output.png,0.8515
5334_output.png,0.8781
5334_output.png,0.8712
5334_output.png,0.8632
5334_output.png,0.9355
5334_output.png,0.8002
5334_output.png,0.928
5334_output.png,0.8314
5334_output.png,0.8071
5334_output.png,0.797
5334_output.png,0.8313
5334_output.png,0.8382
5334_output.png,0.8031
5334_output.png,0.7239
5334_output.png,0.8449
5334_output.png,0.8135
5334_output.png,0.7535
5334_output.png,0.7109
5334_output.png,0.7971
5334_output.png,0.8068
5334_output.png,0.7346
5334_output.png,0.801
5334_output.png,0.9051
5334_output.png,0.8747
5334_output.png,0.9356
5334_output.png,0.9289
5334_output.png,0.9339
5334_output.png,0.9763
5334_output.png,0.7552
5334_output.png,0.8464
5334_output.png,0.8132
5334_output.png,0.7754
5334_output.png,0.7847
5334_output.png,0.8029
5334_output.png,0.8388
5334_output.png,0.8924
5334_output.png,0.966
5334_output.png,0.9595
5334_output.png,0.9035
5334_output.png,0.9025
5334_output.png,0.8611
5334_output.png,0.864
5334_output.png,0.867
5334_output.png,0.9087
5334_output.png,0.9043
5334_output.png,0.9227
5334_output.png,0.9803
5334_output.png,0.9347
5334_output.png,0.9315
iphone_IMG_3932_output.png,0.8726
iphone_IMG_3932_output.png,0.9094
iphone_IMG_3932_output.png,0.858
iphone_IMG_3932_output.png,0.9611
iphone_IMG_3932_output.png,0.9076
iphone_IMG_3932_output.png,0.9446
iphone_IMG_3932_output.png,0.8919
iphone_IMG_3932_output.png,0.8748
iphone_IMG_3932_output.png,0.9264
iphone_IMG_3932_output.png,0.9772
iphone_IMG_3932_output.png,0.9755
iphone_IMG_3932_output.png,0.9276
iphone_IMG_3932_output.png,0.9746
iphone_IMG_3932_output.png,0.9083
iphone_IMG_3932_output.png,0.967
iphone_IMG_3932_output.png,0.975
iphone_IMG_3932_output.png,0.9276
iphone_IMG_3932_output.png,0.9076
iphone_IMG_3932_output.png,0.9251
iphone_IMG_3932_output.png,0.8514
iphone_IMG_3932_output.png,0.9651
iphone_IMG_3932_output.png,0.8698
iphone_IMG_3932_output.png,0.9483
iphone_IMG_3932_output.png,0.9085
iphone_IMG_3932_output.png,0.8423
iphone_IMG_3932_output.png,0.9804
iphone_IMG_3932_output.png,0.8876
iphone_IMG_3932_output.png,0.8478
iphone_IMG_3932_output.png,0.864
iphone_IMG_3932_output.png,0.8931
iphone_IMG_3932_output.png,0.8589
iphone_IMG_3932_output.png,0.8539
iphone_IMG_3932_output.png,0.8627
iphone_IMG_3932_output.png,0.8644
iphone_IMG_3932_output.png,0.8931
iphone_IMG_3932_output.png,0.8607
iphone_IMG_3932_output.png,0.8838
iphone_IMG_3932_output.png,0.8653
iphone_IMG_3932_output.png,0.971
iphone_IMG_3932_output.png,0.9317
iphone_IMG_3932_output.png,0.9618
iphone_IMG_3932_output.png,0.9739
iphone_IMG_3932_output.png,0.8805
iphone_IMG_3932_output.png,0.986
iphone_IMG_3932_output.png,0.9142
iphone_IMG_3932_output.png,0.9229
iphone_IMG_3932_output.png,0.9842
iphone_IMG_3932_output.png,0.9305
iphone_IMG_3932_output.png,0.9916
iphone_IMG_3932_output.png,0.913
iphone_IMG_3932_output.png,0.9182
iphone_IMG_3932_output.png,0.9842
iphone_IMG_3932_output.png,0.9846
iphone_IMG_3932_output.png,0.9841
iphone_IMG_3932_output.png,0.8781
iphone_IMG_3932_output.png,0.9523
iphone_IMG_3932_output.png,0.8923
iphone_IMG_3932_output.png,0.8445
iphone_IMG_3932_output.png,0.9681
iphone_IMG_3932_output.png,0.8941
iphone_IMG_3932_output.png,0.8507
iphone_IMG_3932_output.png,0.8595
iphone_IMG_3932_output.png,0.8953
iphone_IMG_3932_output.png,0.8623
iphone_IMG_3932_output.png,0.8628
iphone_IMG_3932_output.png,0.866
iphone_IMG_3932_output.png,0.8677
iphone_IMG_3932_output.png,0.8953
iphone_IMG_3932_output.png,0.8672
iphone_IMG_3932_output.png,0.8879
iphone_IMG_3932_output.png,0.9367
iphone_IMG_3932_output.png,0.9635
iphone_IMG_3932_output.png,0.9547
iphone_IMG_3932_output.png,0.8913
iphone_IMG_3932_output.png,0.9804
iphone_IMG_3932_output.png,0.9652
iphone_IMG_3932_output.png,0.9681
iphone_IMG_3932_output.png,0.9786
iphone_IMG_3932_output.png,0.9726
iphone_IMG_3932_output.png,0.9733
iphone_IMG_3932_output.png,0.9558
iphone_IMG_3932_output.png,0.9628
iphone_IMG_3932_output.png,0.9786
iphone_IMG_3932_output.png,0.9655
iphone_IMG_3932_output.png,0.9797
iphone_IMG_3932_output.png,0.9426
iphone_IMG_3932_output.png,0.9111
iphone_IMG_3932_output.png,0.9623
iphone_IMG_3932_output.png,0.9528
iphone_IMG_3932_output.png,0.9068
iphone_IMG_3932_output.png,0.9117
iphone_IMG_3932_output.png,0.9496
iphone_IMG_3932_output.png,0.9167
iphone_IMG_3932_output.png,0.9264
iphone_IMG_3932_output.png,0.917
iphone_IMG_3932_output.png,0.9168
iphone_IMG_3932_output.png,0.9496
iphone_IMG_3932_output.png,0.9216
iphone_IMG_3932_output.png,0.9462
iphone_IMG_3932_output.png,0.9525
iphone_IMG_3932_output.png,0.9012
iphone_IMG_3932_output.png,0.9782
iphone_IMG_3932_output.png,0.9112
iphone_IMG_3932_output.png,0.9276
iphone_IMG_3932_output.png,0.9806
iphone_IMG_3932_output.png,0.926
iphone_IMG_3932_output.png,0.9689
iphone_IMG_3932_output.png,0.9182
iphone_IMG_3932_output.png,0.9273
iphone_IMG_3932_output.png,0.9806
iphone_IMG_3932_output.png,0.9681
iphone_IMG_3932_output.png,0.9776
iphone_IMG_3932_output.png,0.8574
iphone_IMG_3932_output.png,0.972
iphone_IMG_3932_output.png,0.897
iphone_IMG_3932_output.png,0.9016
iphone_IMG_3932_output.png,0.968
iphone_IMG_3932_output.png,0.9115
iphone_IMG_3932_output.png,0.9828
iphone_IMG_3932_output.png,0.9016
iphone_IMG_3932_output.png,0.9057
iphone_IMG_3932_output.png,0.968
iphone_IMG_3932_output.png,0.9718
iphone_IMG_3932_output.png,0.9711
iphone_IMG_3932_output.png,0.9059
iphone_IMG_3932_output.png,0.874
iphone_IMG_3932_output.png,0.8835
iphone_IMG_3932_output.png,0.9074
iphone_IMG_3932_output.png,0.8836
iphone_IMG_3932_output.png,0.874
iphone_IMG_3932_output.png,0.882
iphone_IMG_3932_output.png,0.8811
iphone_IMG_3932_output.png,0.9074
iphone_IMG_3932_output.png,0.8722
iphone_IMG_3932_output.png,0.9015
iphone_IMG_3932_output.png,0.9285
iphone_IMG_3932_output.png,0.9417
iphone_IMG_3932_output.png,0.9977
iphone_IMG_3932_output.png,0.9455
iphone_IMG_3932_output.png,0.9914
iphone_IMG_3932_output.png,0.9287
iphone_IMG_3932_output.png,0.9374
iphone_IMG_3932_output.png,0.9977
iphone_IMG_3932_output.png,0.9857
iphone_IMG_3932_output.png,0.9967
iphone_IMG_3932_output.png,0.977
iphone_IMG_3932_output.png,0.9246
iphone_IMG_3932_output.png,0.9831
iphone_IMG_3932_output.png,0.9133
iphone_IMG_3932_output.png,0.9684
iphone_IMG_3932_output.png,0.9763
iphone_IMG_3932_output.png,0.9246
iphone_IMG_3932_output.png,0.9061
iphone_IMG_3932_output.png,0.9263
iphone_IMG_3932_output.png,0.9434
iphone_IMG_3932_output.png,0.9951
iphone_IMG_3932_output.png,0.9237
iphone_IMG_3932_output.png,0.9838
iphone_IMG_3932_output.png,0.9891
iphone_IMG_3932_output.png,0.9434
iphone_IMG_3932_output.png,0.9249
iphone_IMG_3932_output.png,0.9397
iphone_IMG_3932_output.png,0.9435
iphone_IMG_3932_output.png,0.9885
iphone_IMG_3932_output.png,0.9261
iphone_IMG_3932_output.png,0.9375
iphone_IMG_3932_output.png,1.0
iphone_IMG_3932_output.png,0.9898
iphone_IMG_3932_output.png,0.995
iphone_IMG_3932_output.png,0.9302
iphone_IMG_3932_output.png,0.9879
iphone_IMG_3932_output.png,0.9913
iphone_IMG_3932_output.png,0.9435
iphone_IMG_3932_output.png,0.9248
iphone_IMG_3932_output.png,0.9426
iphone_IMG_3932_output.png,0.9171
iphone_IMG_3932_output.png,0.9213
iphone_IMG_3932_output.png,0.9885
iphone_IMG_3932_output.png,0.9903
iphone_IMG_3932_output.png,0.9915
iphone_IMG_3932_output.png,0.986
iphone_IMG_3932_output.png,0.9261
iphone_IMG_3932_output.png,0.9073
iphone_IMG_3932_output.png,0.9265
iphone_IMG_3932_output.png,0.9375
iphone_IMG_3932_output.png,0.9254
iphone_IMG_3932_output.png,0.9351
iphone_IMG_3932_output.png,0.9898
iphone_IMG_3932_output.png,0.995
iphone_IMG_3932_output.png,0.9855
Rico_2349_output.png,0.9838
Rico_2349_output.png,0.8685
Rico_2349_output.png,0.9723
Rico_2349_output.png,0.9858
Rico_2349_output.png,0.9806
Rico_2349_output.png,0.985
Rico_2349_output.png,0.9998
Rico_2349_output.png,0.9611
Rico_2349_output.png,0.8718
Rico_2349_output.png,0.9817
Rico_2349_output.png,0.9925
Rico_2349_output.png,0.961
Rico_2349_output.png,0.9778
Rico_2349_output.png,0.9407
Rico_2349_output.png,0.985
Rico_2349_output.png,0.9955
Rico_2349_output.png,0.9366
Rico_2349_output.png,0.9285
Rico_2349_output.png,0.9598
Rico_2349_output.png,0.8614
Rico_2349_output.png,0.9718
Rico_2349_output.png,0.9898
Rico_2349_output.png,0.9738
Rico_2349_output.png,0.9663
Rico_2349_output.png,0.9843
Rico_2349_output.png,0.9357
Rico_2349_output.png,0.857
Rico_2349_output.png,0.9794
Rico_2349_output.png,0.979
Rico_2349_output.png,0.972
Rico_2349_output.png,0.9892
Rico_2349_output.png,0.933
Rico_2349_output.png,0.9649
Rico_2349_output.png,0.9811
Rico_2349_output.png,0.923
Rico_2349_output.png,0.9133
Rico_2349_output.png,0.9594
Rico_2349_output.png,0.9043
Rico_2349_output.png,0.8683
Rico_2349_output.png,0.8538
Rico_2349_output.png,0.8572
Rico_2349_output.png,0.8688
Rico_2349_output.png,0.8479
Rico_2349_output.png,0.8919
Rico_2349_output.png,0.8737
Rico_2349_output.png,0.8626
Rico_2349_output.png,0.8994
Rico_2349_output.png,0.8575
Rico_2349_output.png,0.8339
Rico_2349_output.png,0.873
Rico_2349_output.png,0.8666
Rico_2349_output.png,0.8365
Rico_2349_output.png,0.8296
Rico_2349_output.png,0.9071
Rico_2349_output.png,0.9728
Rico_2349_output.png,0.9593
Rico_2349_output.png,0.9593
Rico_2349_output.png,0.972
Rico_2349_output.png,0.932
Rico_2349_output.png,0.8476
Rico_2349_output.png,0.9667
Rico_2349_output.png,0.9649
Rico_2349_output.png,0.9949
Rico_2349_output.png,0.9686
Rico_2349_output.png,0.9267
Rico_2349_output.png,0.9573
Rico_2349_output.png,0.9698
Rico_2349_output.png,0.9168
Rico_2349_output.png,0.9063
Rico_2349_output.png,0.9872
Rico_2349_output.png,0.9833
Rico_2349_output.png,0.9815
Rico_2349_output.png,0.9858
Rico_2349_output.png,0.9434
Rico_2349_output.png,0.8732
Rico_2349_output.png,0.9916
Rico_2349_output.png,0.9795
Rico_2349_output.png,0.9678
Rico_2349_output.png,0.9937
Rico_2349_output.png,0.9528
Rico_2349_output.png,0.9804
Rico_2349_output.png,0.9822
Rico_2349_output.png,0.9435
Rico_2349_output.png,0.9309
Rico_2349_output.png,0.9687
Rico_2349_output.png,0.9799
Rico_2349_output.png,0.98
Rico_2349_output.png,0.9473
Rico_2349_output.png,0.8648
Rico_2349_output.png,0.9885
Rico_2349_output.png,0.977
Rico_2349_output.png,0.9511
Rico_2349_output.png,0.9845
Rico_2349_output.png,0.9535
Rico_2349_output.png,0.9807
Rico_2349_output.png,0.9771
Rico_2349_output.png,0.9507
Rico_2349_output.png,0.9439
Rico_2349_output.png,0.9579
Rico_2349_output.png,0.9844
Rico_2349_output.png,0.9497
Rico_2349_output.png,0.8678
Rico_2349_output.png,0.9782
Rico_2349_output.png,0.9878
Rico_2349_output.png,0.9504
Rico_2349_output.png,0.9734
Rico_2349_output.png,0.9449
Rico_2349_output.png,0.9807
Rico_2349_output.png,0.981
Rico_2349_output.png,0.9392
Rico_2349_output.png,0.939
Rico_2349_output.png,0.9571
Rico_2349_output.png,0.9625
Rico_2349_output.png,0.8733
Rico_2349_output.png,0.9815
Rico_2349_output.png,0.993
Rico_2349_output.png,0.961
Rico_2349_output.png,0.978
Rico_2349_output.png,0.942
Rico_2349_output.png,0.9846
Rico_2349_output.png,0.995
Rico_2349_output.png,0.9381
Rico_2349_output.png,0.9301
Rico_2349_output.png,0.9599
Rico_2349_output.png,0.915
Rico_2349_output.png,0.9498
Rico_2349_output.png,0.963
Rico_2349_output.png,0.9134
Rico_2349_output.png,0.9345
Rico_2349_output.png,0.9771
Rico_2349_output.png,0.9553
Rico_2349_output.png,0.9611
Rico_2349_output.png,0.9751
Rico_2349_output.png,0.9713
Rico_2349_output.png,0.9124
Rico_2349_output.png,0.8798
Rico_2349_output.png,0.8733
Rico_2349_output.png,0.8285
Rico_2349_output.png,0.8568
Rico_2349_output.png,0.9114
Rico_2349_output.png,0.8792
Rico_2349_output.png,0.8735
Rico_2349_output.png,0.9204
Rico_2349_output.png,0.9087
Rico_2349_output.png,0.8409
Rico_2349_output.png,0.9768
Rico_2349_output.png,0.9589
Rico_2349_output.png,0.9908
Rico_2349_output.png,0.9606
Rico_2349_output.png,0.9874
Rico_2349_output.png,0.9781
Rico_2349_output.png,0.9569
Rico_2349_output.png,0.9448
Rico_2349_output.png,0.9662
Rico_2349_output.png,0.9545
Rico_2349_output.png,0.975
Rico_2349_output.png,0.9473
Rico_2349_output.png,0.9733
Rico_2349_output.png,0.9902
Rico_2349_output.png,0.9428
Rico_2349_output.png,0.9408
Rico_2349_output.png,0.954
Rico_2349_output.png,0.9677
Rico_2349_output.png,0.9121
Rico_2349_output.png,0.9453
Rico_2349_output.png,0.9582
Rico_2349_output.png,0.8989
Rico_2349_output.png,0.8925
Rico_2349_output.png,0.9853
Rico_2349_output.png,0.952
Rico_2349_output.png,0.9702
Rico_2349_output.png,0.9759
Rico_2349_output.png,0.9422
Rico_2349_output.png,0.9323
Rico_2349_output.png,0.9653
Rico_2349_output.png,0.9435
Rico_2349_output.png,0.9421
Rico_2349_output.png,0.9928
Rico_2349_output.png,0.983
Rico_2349_output.png,0.9178
Rico_2349_output.png,0.9761
Rico_2349_output.png,0.944
Rico_2349_output.png,0.9335
Rico_2349_output.png,0.9574
Rico_2349_output.png,0.9383
Rico_2349_output.png,0.9313
Rico_2349_output.png,0.9528
Rico_2349_output.png,0.9897
Rico_2349_output.png,0.9143
Rico_2349_output.png,0.908
25255_output.png,0.9527
25255_output.png,0.9238
25255_output.png,0.9138
25255_output.png,0.9491
25255_output.png,0.9487
25255_output.png,0.9069
25255_output.png,0.9029
25255_output.png,0.8531
25255_output.png,0.9375
25255_output.png,0.9164
25255_output.png,0.9268
25255_output.png,0.8914
25255_output.png,0.9051
25255_output.png,0.9112
25255_output.png,0.9064
25255_output.png,0.7597
25255_output.png,0.9142
25255_output.png,0.7728
25255_output.png,0.9234
25255_output.png,0.9415
25255_output.png,0.9257
25255_output.png,0.9646
25255_output.png,0.9912
25255_output.png,0.8972
25255_output.png,0.8776
25255_output.png,0.8241
25255_output.png,0.9324
25255_output.png,0.8884
25255_output.png,0.9253
25255_output.png,0.8503
25255_output.png,0.8997
25255_output.png,0.9047
25255_output.png,0.9274
25255_output.png,0.7343
25255_output.png,0.9063
25255_output.png,0.7392
25255_output.png,0.954
25255_output.png,0.9362
25255_output.png,0.9565
25255_output.png,0.9301
25255_output.png,0.8947
25255_output.png,0.941
25255_output.png,0.8197
25255_output.png,0.9047
25255_output.png,0.8837
25255_output.png,0.9557
25255_output.png,0.845
25255_output.png,0.909
25255_output.png,0.952
25255_output.png,0.9634
25255_output.png,0.7152
25255_output.png,0.8781
25255_output.png,0.7301
25255_output.png,0.9715
25255_output.png,0.9242
25255_output.png,0.9203
25255_output.png,0.9236
25255_output.png,0.8982
25255_output.png,0.8445
25255_output.png,0.9291
25255_output.png,0.9042
25255_output.png,0.9246
25255_output.png,0.8707
25255_output.png,0.9487
25255_output.png,0.9643
25255_output.png,0.9011
25255_output.png,0.774
25255_output.png,0.9041
25255_output.png,0.7929
25255_output.png,0.946
25255_output.png,0.9533
25255_output.png,0.9089
25255_output.png,0.8988
25255_output.png,0.8062
25255_output.png,0.9254
25255_output.png,0.8772
25255_output.png,0.9302
25255_output.png,0.8384
25255_output.png,0.9003
25255_output.png,0.9163
25255_output.png,0.9374
25255_output.png,0.714
25255_output.png,0.9009
25255_output.png,0.7215
25255_output.png,0.9399
25255_output.png,0.8881
25255_output.png,0.8795
25255_output.png,0.8174
25255_output.png,0.9337
25255_output.png,0.8777
25255_output.png,0.9194
25255_output.png,0.8439
25255_output.png,0.8938
25255_output.png,0.8985
25255_output.png,0.9262
25255_output.png,0.7326
25255_output.png,0.9073
25255_output.png,0.7357
25255_output.png,0.9493
25255_output.png,0.8657
25255_output.png,0.8613
25255_output.png,0.9371
25255_output.png,0.9437
25255_output.png,0.8885
25255_output.png,0.8819
25255_output.png,0.9476
25255_output.png,0.9372
25255_output.png,0.8743
25255_output.png,0.8591
25255_output.png,0.8939
25255_output.png,0.8689
25255_output.png,0.8934
25255_output.png,0.7902
25255_output.png,0.8776
25255_output.png,0.8536
25255_output.png,0.9219
25255_output.png,0.8168
25255_output.png,0.8951
25255_output.png,0.9323
25255_output.png,0.9367
25255_output.png,0.6942
25255_output.png,0.8547
25255_output.png,0.7174
25255_output.png,0.9132
25255_output.png,0.8722
25255_output.png,0.9165
25255_output.png,0.7746
25255_output.png,0.985
25255_output.png,0.8444
25255_output.png,0.8687
25255_output.png,0.7888
25255_output.png,0.8602
25255_output.png,0.9118
25255_output.png,0.8674
25255_output.png,0.8194
25255_output.png,0.9178
25255_output.png,0.9059
25255_output.png,0.8959
25255_output.png,0.9439
25255_output.png,0.9392
25255_output.png,0.9031
25255_output.png,0.8158
25255_output.png,0.9683
25255_output.png,0.8184
25255_output.png,0.891
25255_output.png,0.8503
25255_output.png,0.9271
25255_output.png,0.9034
25255_output.png,0.9203
25255_output.png,0.8401
25255_output.png,0.888
25255_output.png,0.8859
25255_output.png,0.9126
25255_output.png,0.881
25255_output.png,0.8177
25255_output.png,0.9298
25255_output.png,0.9339
25255_output.png,0.9421
25255_output.png,0.6938
25255_output.png,0.8671
25255_output.png,0.6913
25255_output.png,0.9415
25255_output.png,0.8718
25255_output.png,0.8926
25255_output.png,0.8073
25255_output.png,0.8564
25255_output.png,0.93
25255_output.png,0.8581
25255_output.png,0.8465
25255_output.png,0.966
25255_output.png,0.9115
25255_output.png,0.8097
25255_output.png,0.9145
25255_output.png,0.8182
25255_output.png,0.9116
25255_output.png,0.9331
25255_output.png,0.8087
25255_output.png,0.9089
25255_output.png,0.8239
25255_output.png,0.9398
25255_output.png,0.7076
25255_output.png,0.8695
25255_output.png,0.7128
25255_output.png,0.9371
25255_output.png,0.7917
25255_output.png,0.9792
25255_output.png,0.7227
25255_output.png,0.7909
25255_output.png,0.8692
25255_output.png,0.7413
57388_output.png,0.9623
57388_output.png,0.9318
57388_output.png,0.9841
57388_output.png,0.9648
57388_output.png,0.936
57388_output.png,0.9161
57388_output.png,0.9588
57388_output.png,0.9065
57388_output.png,0.942
57388_output.png,0.9418
57388_output.png,0.949
57388_output.png,0.9816
57388_output.png,0.9461
57388_output.png,0.9429
57388_output.png,0.8679
57388_output.png,0.8715
57388_output.png,0.9499
57388_output.png,0.9224
57388_output.png,0.9414
57388_output.png,0.889
57388_output.png,0.9512
57388_output.png,0.9604
57388_output.png,0.9302
57388_output.png,0.9181
57388_output.png,0.9508
57388_output.png,0.912
57388_output.png,0.9617
57388_output.png,0.9543
57388_output.png,0.9492
57388_output.png,0.9501
57388_output.png,0.9537
57388_output.png,0.9355
57388_output.png,0.8994
57388_output.png,0.8991
57388_output.png,0.9489
57388_output.png,0.9504
57388_output.png,0.9697
57388_output.png,0.932
57388_output.png,0.907
57388_output.png,0.8833
57388_output.png,0.8741
57388_output.png,0.9287
57388_output.png,0.8647
57388_output.png,0.8851
57388_output.png,0.9004
57388_output.png,0.8889
57388_output.png,0.9243
57388_output.png,0.888
57388_output.png,0.9293
57388_output.png,0.8626
57388_output.png,0.8711
57388_output.png,0.9259
57388_output.png,0.9038
57388_output.png,0.8771
57388_output.png,0.9734
57388_output.png,0.9294
57388_output.png,0.9251
57388_output.png,0.9656
57388_output.png,0.9059
57388_output.png,0.935
57388_output.png,0.9364
57388_output.png,0.948
57388_output.png,0.9906
57388_output.png,0.955
57388_output.png,0.9554
57388_output.png,0.8781
57388_output.png,0.8753
57388_output.png,0.9399
57388_output.png,0.9241
57388_output.png,0.9382
57388_output.png,0.8967
57388_output.png,0.8945
57388_output.png,0.9817
57388_output.png,0.8763
57388_output.png,0.9338
57388_output.png,0.9714
57388_output.png,0.9501
57388_output.png,0.9805
57388_output.png,0.959
57388_output.png,0.9698
57388_output.png,0.8593
57388_output.png,0.8686
57388_output.png,0.9347
57388_output.png,0.9245
57388_output.png,0.9448
57388_output.png,0.9842
57388_output.png,0.909
57388_output.png,0.9822
57388_output.png,0.92
57388_output.png,0.8857
57388_output.png,0.8821
57388_output.png,0.9083
57388_output.png,0.891
57388_output.png,0.897
57388_output.png,0.9406
57388_output.png,0.9396
57388_output.png,0.9232
57388_output.png,0.9206
57388_output.png,0.9258
57388_output.png,0.9038
57388_output.png,0.9925
57388_output.png,0.932
57388_output.png,0.8786
57388_output.png,0.8751
57388_output.png,0.9048
57388_output.png,0.8877
57388_output.png,0.8951
57388_output.png,0.9621
57388_output.png,0.9565
57388_output.png,0.9174
57388_output.png,0.9378
57388_output.png,0.9378
57388_output.png,0.886
57388_output.png,0.9294
57388_output.png,0.9737
57388_output.png,0.9428
57388_output.png,0.968
57388_output.png,0.9538
57388_output.png,0.9828
57388_output.png,0.8779
57388_output.png,0.8901
57388_output.png,0.9421
57388_output.png,0.9364
57388_output.png,0.9442
57388_output.png,0.9343
57388_output.png,0.87
57388_output.png,0.8621
57388_output.png,0.8845
57388_output.png,0.8714
57388_output.png,0.8843
57388_output.png,0.9666
57388_output.png,0.9637
57388_output.png,0.9174
57388_output.png,0.9345
57388_output.png,0.9314
57388_output.png,0.9295
57388_output.png,0.9447
57388_output.png,0.9319
57388_output.png,0.9418
57388_output.png,0.926
57388_output.png,0.9341
57388_output.png,0.9244
57388_output.png,0.9551
57388_output.png,0.9657
57388_output.png,0.988
57388_output.png,0.9196
57388_output.png,0.9524
57388_output.png,0.9266
57388_output.png,0.9699
57388_output.png,0.8618
57388_output.png,0.8868
57388_output.png,0.9489
57388_output.png,0.9391
57388_output.png,0.9366
57388_output.png,0.9442
57388_output.png,0.995
57388_output.png,0.9355
57388_output.png,0.86
57388_output.png,0.8567
57388_output.png,0.903
57388_output.png,0.9082
57388_output.png,0.9469
57388_output.png,0.9488
57388_output.png,0.9556
57388_output.png,0.8559
57388_output.png,0.8597
57388_output.png,0.9404
57388_output.png,0.919
57388_output.png,0.9354
57388_output.png,0.9457
57388_output.png,0.8722
57388_output.png,0.8663
57388_output.png,0.9028
57388_output.png,0.9145
57388_output.png,0.953
57388_output.png,0.8803
57388_output.png,0.8904
57388_output.png,0.9331
57388_output.png,0.9318
57388_output.png,0.9334
57388_output.png,0.9802
57388_output.png,0.9229
57388_output.png,0.958
57388_output.png,0.9316
57388_output.png,0.9377
57388_output.png,0.9581
57388_output.png,0.9222
57388_output.png,0.9702
57388_output.png,0.9434
57388_output.png,0.9632
4140_output.png,0.9546
4140_output.png,0.9684
4140_output.png,0.9591
4140_output.png,0.9567
4140_output.png,0.9548
4140_output.png,0.9577
4140_output.png,0.981
4140_output.png,0.9576
4140_output.png,0.9476
4140_output.png,0.9803
4140_output.png,0.9676
4140_output.png,0.9523
4140_output.png,0.9727
4140_output.png,0.9822
4140_output.png,0.9635
4140_output.png,0.9287
4140_output.png,0.9705
4140_output.png,0.9642
4140_output.png,0.9308
4140_output.png,0.9461
4140_output.png,0.9396
4140_output.png,0.9536
4140_output.png,0.9258
4140_output.png,0.9852
4140_output.png,0.9591
4140_output.png,0.9606
4140_output.png,0.9308
4140_output.png,0.9588
4140_output.png,0.9427
4140_output.png,0.953
4140_output.png,0.9372
4140_output.png,0.9603
4140_output.png,0.9517
4140_output.png,0.9307
4140_output.png,0.9446
4140_output.png,0.9246
4140_output.png,0.8989
4140_output.png,0.9703
4140_output.png,0.9546
4140_output.png,0.952
4140_output.png,0.9568
4140_output.png,0.9873
4140_output.png,0.9691
4140_output.png,0.9398
4140_output.png,0.9855
4140_output.png,0.984
4140_output.png,0.9491
4140_output.png,0.967
4140_output.png,0.9562
4140_output.png,0.934
4140_output.png,0.9265
4140_output.png,0.9431
4140_output.png,0.9668
4140_output.png,0.9651
4140_output.png,0.9848
4140_output.png,0.9795
4140_output.png,0.9411
4140_output.png,0.969
4140_output.png,0.9486
4140_output.png,0.9618
4140_output.png,0.967
4140_output.png,0.9724
4140_output.png,0.9714
4140_output.png,0.9537
4140_output.png,0.9457
4140_output.png,0.9185
4140_output.png,0.9413
4140_output.png,0.9618
4140_output.png,0.9425
4140_output.png,0.9729
4140_output.png,0.9603
4140_output.png,0.9507
4140_output.png,0.9638
4140_output.png,0.9445
4140_output.png,0.9612
4140_output.png,0.963
4140_output.png,0.9556
4140_output.png,0.9587
4140_output.png,0.9493
4140_output.png,0.9479
4140_output.png,0.9213
4140_output.png,0.9305
4140_output.png,0.9653
4140_output.png,0.9267
4140_output.png,0.9449
4140_output.png,0.9233
4140_output.png,0.9453
4140_output.png,0.9243
4140_output.png,0.9423
4140_output.png,0.9425
4140_output.png,0.966
4140_output.png,0.9676
4140_output.png,0.9536
4140_output.png,0.9422
4140_output.png,0.9079
4140_output.png,0.9351
4140_output.png,0.9509
4140_output.png,0.958
4140_output.png,0.9629
4140_output.png,0.9679
4140_output.png,0.9715
4140_output.png,0.9357
4140_output.png,0.9693
4140_output.png,0.9489
4140_output.png,0.9486
4140_output.png,0.9401
4140_output.png,0.9541
4140_output.png,0.953
4140_output.png,0.9273
4140_output.png,0.9385
4140_output.png,0.9343
4140_output.png,0.9079
4140_output.png,0.9786
4140_output.png,0.9527
4140_output.png,0.999
4140_output.png,0.9827
4140_output.png,0.9508
4140_output.png,0.971
4140_output.png,0.9688
4140_output.png,0.9506
4140_output.png,0.9313
4140_output.png,0.9479
4140_output.png,0.9658
4140_output.png,0.9409
4140_output.png,0.9585
4140_output.png,0.9784
4140_output.png,0.9628
4140_output.png,0.9349
4140_output.png,0.9514
4140_output.png,0.9484
4140_output.png,0.9499
4140_output.png,0.9278
4140_output.png,0.9294
4140_output.png,0.9423
4140_output.png,0.9266
4140_output.png,0.9533
4140_output.png,0.9359
4140_output.png,0.9337
4140_output.png,0.9404
4140_output.png,0.9299
4140_output.png,0.9188
4140_output.png,0.9353
4140_output.png,0.9447
4140_output.png,0.9163
4140_output.png,0.933
4140_output.png,0.9801
4140_output.png,0.9497
4140_output.png,0.9693
4140_output.png,0.9676
4140_output.png,0.9503
4140_output.png,0.9301
4140_output.png,0.947
4140_output.png,0.9647
4140_output.png,0.9383
4140_output.png,0.9452
4140_output.png,0.9634
4140_output.png,0.9572
4140_output.png,0.929
4140_output.png,0.9175
4140_output.png,0.9327
4140_output.png,0.9789
4140_output.png,0.954
4140_output.png,0.9424
4140_output.png,0.9475
4140_output.png,0.9351
4140_output.png,0.9533
4140_output.png,0.9674
4140_output.png,0.9296
4140_output.png,0.942
4140_output.png,0.9569
4140_output.png,0.9292
4140_output.png,0.9169
4140_output.png,0.9438
4140_output.png,0.9584
4140_output.png,0.9387
4140_output.png,0.9459
4140_output.png,0.9154
4140_output.png,0.9545
4140_output.png,0.9506
4140_output.png,0.9123
4140_output.png,0.9474
4140_output.png,0.9484
4140_output.png,0.9186
4140_output.png,0.8819
4140_output.png,0.933
4140_output.png,0.9058
4140_output.png,0.9122
4140_output.png,0.9141
4140_output.png,0.9322
4140_output.png,0.9331
56935_output.png,0.928
56935_output.png,0.8757
56935_output.png,0.884
56935_output.png,0.8844
56935_output.png,0.9273
56935_output.png,0.8548
56935_output.png,0.9209
56935_output.png,0.8928
56935_output.png,0.907
56935_output.png,0.8953
56935_output.png,0.9125
56935_output.png,0.9249
56935_output.png,0.9292
56935_output.png,0.912
56935_output.png,0.9032
56935_output.png,0.8845
56935_output.png,0.9226
56935_output.png,0.904
56935_output.png,0.881
56935_output.png,0.8651
56935_output.png,0.862
56935_output.png,0.8685
56935_output.png,0.9558
56935_output.png,0.8521
56935_output.png,0.9234
56935_output.png,0.9068
56935_output.png,0.9757
56935_output.png,0.9524
56935_output.png,0.9098
56935_output.png,0.9496
56935_output.png,0.8923
56935_output.png,0.8944
56935_output.png,0.8776
56935_output.png,0.8749
56935_output.png,0.9548
56935_output.png,0.9675
56935_output.png,0.9347
56935_output.png,0.9537
56935_output.png,0.9508
56935_output.png,0.886
56935_output.png,0.9538
56935_output.png,0.8513
56935_output.png,0.9219
56935_output.png,0.8733
56935_output.png,0.8596
56935_output.png,0.9442
56935_output.png,0.8574
56935_output.png,0.8637
56935_output.png,0.9484
56935_output.png,0.9633
56935_output.png,0.9581
56935_output.png,0.8665
56935_output.png,0.8647
56935_output.png,0.8351
56935_output.png,0.9904
56935_output.png,0.8799
56935_output.png,0.9578
56935_output.png,0.8268
56935_output.png,0.915
56935_output.png,0.8685
56935_output.png,0.8513
56935_output.png,0.9553
56935_output.png,0.8439
56935_output.png,0.8407
56935_output.png,0.9263
56935_output.png,0.9492
56935_output.png,0.9395
56935_output.png,0.8525
56935_output.png,0.8567
56935_output.png,0.8377
56935_output.png,0.8847
56935_output.png,0.9671
56935_output.png,0.8313
56935_output.png,0.9136
56935_output.png,0.8743
56935_output.png,0.8582
56935_output.png,0.9508
56935_output.png,0.8589
56935_output.png,0.8462
56935_output.png,0.9294
56935_output.png,0.9527
56935_output.png,0.9354
56935_output.png,0.8622
56935_output.png,0.8596
56935_output.png,0.8487
56935_output.png,0.8585
56935_output.png,0.9481
56935_output.png,0.8987
56935_output.png,0.9728
56935_output.png,0.9512
56935_output.png,0.9359
56935_output.png,0.974
56935_output.png,0.9071
56935_output.png,0.9037
56935_output.png,0.8809
56935_output.png,0.8761
56935_output.png,0.9872
56935_output.png,0.9709
56935_output.png,0.9245
56935_output.png,0.8121
56935_output.png,0.8839
56935_output.png,0.8553
56935_output.png,0.8394
56935_output.png,0.9233
56935_output.png,0.8403
56935_output.png,0.8149
56935_output.png,0.9346
56935_output.png,0.9513
56935_output.png,0.9407
56935_output.png,0.8436
56935_output.png,0.8326
56935_output.png,0.835
56935_output.png,0.8693
56935_output.png,0.9248
56935_output.png,0.9322
56935_output.png,0.8861
56935_output.png,0.9483
56935_output.png,0.9024
56935_output.png,0.8739
56935_output.png,0.8456
56935_output.png,0.8632
56935_output.png,0.9631
56935_output.png,0.921
56935_output.png,0.912
56935_output.png,0.9035
56935_output.png,0.8533
56935_output.png,0.9352
56935_output.png,0.8699
56935_output.png,0.8379
56935_output.png,0.9086
56935_output.png,0.947
56935_output.png,0.9341
56935_output.png,0.8783
56935_output.png,0.8909
56935_output.png,0.8319
56935_output.png,0.9564
56935_output.png,0.9307
56935_output.png,0.9582
56935_output.png,0.88
56935_output.png,0.8858
56935_output.png,0.8771
56935_output.png,0.874
56935_output.png,0.9646
56935_output.png,0.9839
56935_output.png,0.94
56935_output.png,0.9055
56935_output.png,0.952
56935_output.png,0.9144
56935_output.png,0.8665
56935_output.png,0.8369
56935_output.png,0.8427
56935_output.png,0.9593
56935_output.png,0.9599
56935_output.png,0.9734
56935_output.png,0.9127
56935_output.png,0.896
56935_output.png,0.9305
56935_output.png,0.9478
56935_output.png,0.9365
56935_output.png,0.9155
56935_output.png,0.9198
56935_output.png,0.8926
56935_output.png,0.9105
56935_output.png,0.9061
56935_output.png,0.8599
56935_output.png,0.8442
56935_output.png,0.9878
56935_output.png,0.9531
56935_output.png,0.9416
56935_output.png,0.8718
56935_output.png,0.8604
56935_output.png,0.8525
56935_output.png,0.912
56935_output.png,0.8893
56935_output.png,0.894
56935_output.png,0.9528
56935_output.png,0.9306
56935_output.png,0.9015
56935_output.png,0.8726
56935_output.png,0.8516
56935_output.png,0.9709
56935_output.png,0.8628
56935_output.png,0.863
56935_output.png,0.8133
56935_output.png,0.8622
56935_output.png,0.8519
56935_output.png,0.8184
56935_output.png,0.9556
56935_output.png,0.9397
56935_output.png,0.9309
3719_output.png,0.9359
3719_output.png,0.964
3719_output.png,0.9608
3719_output.png,0.9687
3719_output.png,0.9574
3719_output.png,0.9842
3719_output.png,0.9881
3719_output.png,0.9699
3719_output.png,0.9784
3719_output.png,0.965
3719_output.png,0.9663
3719_output.png,0.9812
3719_output.png,0.9817
3719_output.png,0.961
3719_output.png,0.9825
3719_output.png,0.981
3719_output.png,0.9816
3719_output.png,0.9654
3719_output.png,0.948
3719_output.png,0.9202
3719_output.png,0.9137
3719_output.png,0.9504
3719_output.png,0.9166
3719_output.png,0.9376
3719_output.png,0.9274
3719_output.png,0.9366
3719_output.png,0.9346
3719_output.png,0.9393
3719_output.png,0.9271
3719_output.png,0.9417
3719_output.png,0.9402
3719_output.png,0.9094
3719_output.png,0.9441
3719_output.png,0.9287
3719_output.png,0.926
3719_output.png,0.9134
3719_output.png,0.9324
3719_output.png,0.958
3719_output.png,0.9787
3719_output.png,0.9894
3719_output.png,0.9769
3719_output.png,0.9792
3719_output.png,0.9595
3719_output.png,0.9548
3719_output.png,0.9668
3719_output.png,0.9621
3719_output.png,0.9786
3719_output.png,0.9776
3719_output.png,0.952
3719_output.png,0.9708
3719_output.png,0.9832
3719_output.png,0.9837
3719_output.png,0.9898
3719_output.png,0.974
3719_output.png,0.9578
3719_output.png,0.959
3719_output.png,0.9651
3719_output.png,0.9603
3719_output.png,0.9578
3719_output.png,0.9473
3719_output.png,0.9418
3719_output.png,0.9581
3719_output.png,0.9687
3719_output.png,0.9628
3719_output.png,0.995
3719_output.png,0.9611
3719_output.png,0.9676
3719_output.png,0.9678
3719_output.png,0.9606
3719_output.png,0.9443
3719_output.png,0.9718
3719_output.png,0.9843
3719_output.png,0.9702
3719_output.png,0.9681
3719_output.png,0.9571
3719_output.png,0.966
3719_output.png,0.9597
3719_output.png,0.9802
3719_output.png,0.9777
3719_output.png,0.9479
3719_output.png,0.9715
3719_output.png,0.9742
3719_output.png,0.9733
3719_output.png,0.9695
3719_output.png,0.9661
3719_output.png,0.9716
3719_output.png,0.9748
3719_output.png,0.9513
3719_output.png,0.9456
3719_output.png,0.9606
3719_output.png,0.9596
3719_output.png,0.9703
3719_output.png,0.9732
3719_output.png,0.9523
3719_output.png,0.9657
3719_output.png,0.9846
3719_output.png,0.9849
3719_output.png,0.9932
3719_output.png,0.9757
3719_output.png,0.9817
3719_output.png,0.9723
3719_output.png,0.9628
3719_output.png,0.961
3719_output.png,0.9637
3719_output.png,0.9862
3719_output.png,0.9848
3719_output.png,0.9626
3719_output.png,0.9784
3719_output.png,0.9855
3719_output.png,0.986
3719_output.png,0.9743
3719_output.png,0.9588
3719_output.png,0.9675
3719_output.png,0.9798
3719_output.png,0.9773
3719_output.png,0.9702
3719_output.png,0.9811
3719_output.png,0.9833
3719_output.png,0.9591
3719_output.png,0.9843
3719_output.png,0.9907
3719_output.png,0.9905
3719_output.png,0.9793
3719_output.png,0.9647
3719_output.png,0.9609
3719_output.png,0.9544
3719_output.png,0.9785
3719_output.png,0.9813
3719_output.png,0.9778
3719_output.png,0.9562
3719_output.png,0.9695
3719_output.png,0.9734
3719_output.png,0.972
3719_output.png,0.9577
3719_output.png,0.9538
3719_output.png,0.9881
3719_output.png,0.9604
3719_output.png,0.9692
3719_output.png,0.9658
3719_output.png,0.9433
3719_output.png,0.9743
3719_output.png,0.9698
3719_output.png,0.9681
3719_output.png,0.9513
3719_output.png,0.9602
3719_output.png,0.9565
3719_output.png,0.9664
3719_output.png,0.9677
3719_output.png,0.9352
3719_output.png,0.9689
3719_output.png,0.9697
3719_output.png,0.9672
3719_output.png,0.9608
3719_output.png,0.9814
3719_output.png,0.9697
3719_output.png,0.9644
3719_output.png,0.9541
3719_output.png,0.9648
3719_output.png,0.9723
3719_output.png,0.9719
3719_output.png,0.9638
3719_output.png,0.9473
3719_output.png,0.9937
3719_output.png,0.9657
3719_output.png,0.9805
3719_output.png,0.9874
3719_output.png,0.9857
3719_output.png,0.977
3719_output.png,0.9687
3719_output.png,0.9641
3719_output.png,0.9805
3719_output.png,0.9887
3719_output.png,0.9873
3719_output.png,0.9792
3719_output.png,0.9748
3719_output.png,0.9623
3719_output.png,0.9655
3719_output.png,0.9655
3719_output.png,0.9585
3719_output.png,0.9397
3719_output.png,0.9809
3719_output.png,0.9798
3719_output.png,0.9664
3719_output.png,0.9577
3719_output.png,0.9994
3719_output.png,0.9881
3719_output.png,0.9737
3719_output.png,0.9884
3719_output.png,0.9715
3719_output.png,0.972
33576_output.png,0.84
33576_output.png,0.834
33576_output.png,0.8798
33576_output.png,0.8959
33576_output.png,0.8812
33576_output.png,0.9303
33576_output.png,0.9104
33576_output.png,0.8713
33576_output.png,0.9021
33576_output.png,0.9504
33576_output.png,0.8782
33576_output.png,0.8415
33576_output.png,0.908
33576_output.png,0.8663
33576_output.png,0.8979
33576_output.png,0.8658
33576_output.png,0.8709
33576_output.png,0.8506
33576_output.png,0.844
33576_output.png,0.8812
33576_output.png,0.8778
33576_output.png,0.8617
33576_output.png,0.8914
33576_output.png,0.9022
33576_output.png,0.8428
33576_output.png,0.8525
33576_output.png,0.897
33576_output.png,0.8467
33576_output.png,0.8218
33576_output.png,0.9238
33576_output.png,0.8772
33576_output.png,0.9353
33576_output.png,0.9302
33576_output.png,0.866
33576_output.png,0.8897
33576_output.png,0.9227
33576_output.png,0.9245
33576_output.png,0.8202
33576_output.png,0.8426
33576_output.png,0.8363
33576_output.png,0.8304
33576_output.png,0.8446
33576_output.png,0.8102
33576_output.png,0.8631
33576_output.png,0.8213
33576_output.png,0.8184
33576_output.png,0.8986
33576_output.png,0.8495
33576_output.png,0.8697
33576_output.png,0.8529
33576_output.png,0.8372
33576_output.png,0.8263
33576_output.png,0.9093
33576_output.png,0.9077
33576_output.png,0.9464
33576_output.png,0.9912
33576_output.png,0.9026
33576_output.png,0.9252
33576_output.png,0.9584
33576_output.png,0.9548
33576_output.png,0.9029
33576_output.png,0.9254
33576_output.png,0.8098
33576_output.png,0.9816
33576_output.png,0.9111
33576_output.png,0.9708
33576_output.png,0.9256
33576_output.png,0.9917
33576_output.png,0.8434
33576_output.png,0.8074
33576_output.png,0.9478
33576_output.png,0.9162
33576_output.png,0.9257
33576_output.png,0.9371
33576_output.png,0.9476
33576_output.png,0.9345
33576_output.png,0.9144
33576_output.png,0.8192
33576_output.png,0.9528
33576_output.png,0.9237
33576_output.png,0.9488
33576_output.png,0.9323
33576_output.png,0.9554
33576_output.png,0.873
33576_output.png,0.8064
33576_output.png,0.918
33576_output.png,0.9259
33576_output.png,0.9592
33576_output.png,0.9624
33576_output.png,0.9018
33576_output.png,0.9208
33576_output.png,0.8211
33576_output.png,0.9794
33576_output.png,0.9164
33576_output.png,0.9772
33576_output.png,0.9331
33576_output.png,0.9932
33576_output.png,0.8548
33576_output.png,0.8182
33576_output.png,0.9036
33576_output.png,0.8918
33576_output.png,0.9322
33576_output.png,0.9333
33576_output.png,0.8672
33576_output.png,0.8942
33576_output.png,0.8996
33576_output.png,0.9333
33576_output.png,0.9378
33576_output.png,0.9192
33576_output.png,0.9084
33576_output.png,0.9116
33576_output.png,0.8816
33576_output.png,0.935
33576_output.png,0.9315
33576_output.png,0.9134
33576_output.png,0.9709
33576_output.png,0.8116
33576_output.png,0.9314
33576_output.png,0.8677
33576_output.png,0.9223
33576_output.png,0.9519
33576_output.png,0.9186
33576_output.png,0.8484
33576_output.png,0.8173
33576_output.png,0.9492
33576_output.png,0.897
33576_output.png,0.9296
33576_output.png,0.7813
33576_output.png,0.9378
33576_output.png,0.8719
33576_output.png,0.9466
33576_output.png,0.9276
33576_output.png,0.9604
33576_output.png,0.8331
33576_output.png,0.7798
33576_output.png,0.8934
33576_output.png,0.9063
33576_output.png,0.8357
33576_output.png,0.9461
33576_output.png,0.9041
33576_output.png,0.9639
33576_output.png,0.9174
33576_output.png,0.9609
33576_output.png,0.8681
33576_output.png,0.8418
33576_output.png,0.8946
33576_output.png,0.8562
33576_output.png,0.9262
33576_output.png,0.9049
33576_output.png,0.9172
33576_output.png,0.89
33576_output.png,0.8985
33576_output.png,0.8919
33576_output.png,0.8402
33576_output.png,0.7783
33576_output.png,0.9345
33576_output.png,0.8568
33576_output.png,0.9171
33576_output.png,0.9464
33576_output.png,0.9193
33576_output.png,0.8144
33576_output.png,0.7754
33576_output.png,0.8255
33576_output.png,0.9172
33576_output.png,0.863
33576_output.png,0.8194
33576_output.png,0.8092
33576_output.png,0.9549
33576_output.png,0.988
33576_output.png,0.9116
33576_output.png,0.9684
33576_output.png,0.9221
33576_output.png,0.9753
33576_output.png,0.847
33576_output.png,0.8249
33576_output.png,0.94
33576_output.png,0.9082
33576_output.png,0.9177
33576_output.png,0.9432
33576_output.png,0.8996
33576_output.png,0.9376
33576_output.png,0.978
33576_output.png,0.8818
33576_output.png,0.8633
33576_output.png,0.9323
33576_output.png,0.8645
33576_output.png,0.8114
33576_output.png,0.8534
33576_output.png,0.8081
33576_output.png,0.9442
21727_output.png,0.9843
21727_output.png,0.9532
21727_output.png,0.9723
21727_output.png,0.9867
21727_output.png,0.9654
21727_output.png,0.9843
21727_output.png,0.9501
21727_output.png,0.9891
21727_output.png,0.9818
21727_output.png,0.981
21727_output.png,0.9464
21727_output.png,0.9765
21727_output.png,0.9688
21727_output.png,0.9768
21727_output.png,0.9532
21727_output.png,0.974
21727_output.png,0.9687
21727_output.png,0.9551
21727_output.png,0.9162
21727_output.png,0.9727
21727_output.png,0.9913
21727_output.png,0.9975
21727_output.png,0.9851
21727_output.png,1.0
21727_output.png,0.9631
21727_output.png,0.9805
21727_output.png,0.9885
21727_output.png,0.9897
21727_output.png,0.9499
21727_output.png,0.9901
21727_output.png,0.9747
21727_output.png,0.989
21727_output.png,0.9679
21727_output.png,0.9722
21727_output.png,0.9729
21727_output.png,0.969
21727_output.png,0.933
21727_output.png,0.974
21727_output.png,0.9722
21727_output.png,0.9824
21727_output.png,0.9727
21727_output.png,0.9717
21727_output.png,0.9558
21727_output.png,0.957
21727_output.png,0.9719
21727_output.png,0.916
21727_output.png,0.9566
21727_output.png,0.9522
21727_output.png,0.9623
21727_output.png,0.9727
21727_output.png,0.9465
21727_output.png,0.9466
21727_output.png,0.9518
21727_output.png,0.9524
21727_output.png,0.9896
21727_output.png,0.9842
21727_output.png,0.9913
21727_output.png,0.9639
21727_output.png,0.9723
21727_output.png,0.9782
21727_output.png,0.9845
21727_output.png,0.9404
21727_output.png,0.9859
21727_output.png,0.9739
21727_output.png,0.9862
21727_output.png,0.9679
21727_output.png,0.9677
21727_output.png,0.9735
21727_output.png,0.9623
21727_output.png,0.9301
21727_output.png,0.9814
21727_output.png,0.9975
21727_output.png,0.9634
21727_output.png,0.9797
21727_output.png,0.9882
21727_output.png,0.9908
21727_output.png,0.9466
21727_output.png,0.9897
21727_output.png,0.9771
21727_output.png,0.9881
21727_output.png,0.966
21727_output.png,0.9685
21727_output.png,0.9723
21727_output.png,0.9652
21727_output.png,0.9304
21727_output.png,0.9851
21727_output.png,0.9759
21727_output.png,0.9675
21727_output.png,0.9717
21727_output.png,0.9791
21727_output.png,0.9313
21727_output.png,0.9692
21727_output.png,0.962
21727_output.png,0.9734
21727_output.png,0.9807
21727_output.png,0.9609
21727_output.png,0.9596
21727_output.png,0.9655
21727_output.png,0.9414
21727_output.png,0.9631
21727_output.png,0.9805
21727_output.png,0.9885
21727_output.png,0.9897
21727_output.png,0.9499
21727_output.png,0.9901
21727_output.png,0.9747
21727_output.png,0.989
21727_output.png,0.9679
21727_output.png,0.9722
21727_output.png,0.9729
21727_output.png,0.969
21727_output.png,0.933
21727_output.png,0.9558
21727_output.png,0.9471
21727_output.png,0.9687
21727_output.png,0.9026
21727_output.png,0.947
21727_output.png,0.9526
21727_output.png,0.9604
21727_output.png,0.9822
21727_output.png,0.9421
21727_output.png,0.9483
21727_output.png,0.9534
21727_output.png,0.9188
21727_output.png,0.9738
21727_output.png,0.98
21727_output.png,0.9359
21727_output.png,0.9671
21727_output.png,0.9567
21727_output.png,0.9767
21727_output.png,0.9569
21727_output.png,0.9772
21727_output.png,0.9614
21727_output.png,0.9585
21727_output.png,0.9166
21727_output.png,0.9766
21727_output.png,0.9425
21727_output.png,0.9807
21727_output.png,0.9623
21727_output.png,0.9833
21727_output.png,0.9514
21727_output.png,0.9621
21727_output.png,0.9613
21727_output.png,0.9611
21727_output.png,0.9212
21727_output.png,0.9385
21727_output.png,0.9789
21727_output.png,0.974
21727_output.png,0.9812
21727_output.png,0.9727
21727_output.png,0.973
21727_output.png,0.9717
21727_output.png,0.971
21727_output.png,0.9322
21727_output.png,0.9507
21727_output.png,0.9346
21727_output.png,0.9432
21727_output.png,0.9131
21727_output.png,0.9565
21727_output.png,0.9334
21727_output.png,0.9486
21727_output.png,0.955
21727_output.png,0.9702
21727_output.png,0.9857
21727_output.png,0.9505
21727_output.png,0.9629
21727_output.png,0.9664
21727_output.png,0.957
21727_output.png,0.9189
21727_output.png,0.9636
21727_output.png,0.9562
21727_output.png,0.9466
21727_output.png,0.9935
21727_output.png,0.935
21727_output.png,0.9052
21727_output.png,0.9578
21727_output.png,0.9675
21727_output.png,0.9622
21727_output.png,0.967
21727_output.png,0.9185
21727_output.png,0.9488
21727_output.png,0.9612
21727_output.png,0.9608
21727_output.png,0.9254
21727_output.png,0.9508
21727_output.png,0.9785
21727_output.png,0.9356
21727_output.png,0.936
21727_output.png,0.8999
21727_output.png,0.9496
25260_output.png,0.9183
25260_output.png,0.8662
25260_output.png,0.9492
25260_output.png,0.9157
25260_output.png,0.9171
25260_output.png,0.9156
25260_output.png,0.9222
25260_output.png,0.9285
25260_output.png,0.9407
25260_output.png,0.9396
25260_output.png,0.9053
25260_output.png,0.8358
25260_output.png,0.9516
25260_output.png,0.9494
25260_output.png,0.9251
25260_output.png,0.8937
25260_output.png,0.8434
25260_output.png,0.951
25260_output.png,0.9277
25260_output.png,0.8225
25260_output.png,0.8493
25260_output.png,0.9784
25260_output.png,0.9152
25260_output.png,0.9807
25260_output.png,0.9558
25260_output.png,0.9231
25260_output.png,0.8984
25260_output.png,0.9713
25260_output.png,0.8443
25260_output.png,0.7258
25260_output.png,0.8528
25260_output.png,0.8612
25260_output.png,0.8903
25260_output.png,0.8565
25260_output.png,0.8636
25260_output.png,0.9378
25260_output.png,0.9728
25260_output.png,0.8514
25260_output.png,0.7958
25260_output.png,0.809
25260_output.png,0.8496
25260_output.png,0.7871
25260_output.png,0.8677
25260_output.png,0.8392
25260_output.png,0.8541
25260_output.png,0.7715
25260_output.png,0.956
25260_output.png,0.862
25260_output.png,0.8644
25260_output.png,0.7726
25260_output.png,0.8097
25260_output.png,0.9544
25260_output.png,0.8854
25260_output.png,0.8584
25260_output.png,0.8631
25260_output.png,0.9033
25260_output.png,0.8444
25260_output.png,0.8547
25260_output.png,0.9224
25260_output.png,0.9374
25260_output.png,0.8827
25260_output.png,0.9085
25260_output.png,0.8765
25260_output.png,0.9956
25260_output.png,0.9933
25260_output.png,0.9133
25260_output.png,0.9431
25260_output.png,0.8116
25260_output.png,0.9405
25260_output.png,0.8579
25260_output.png,0.9387
25260_output.png,0.9621
25260_output.png,0.951
25260_output.png,0.918
25260_output.png,0.9216
25260_output.png,0.9691
25260_output.png,0.8806
25260_output.png,0.7128
25260_output.png,0.8691
25260_output.png,0.8788
25260_output.png,0.9212
25260_output.png,0.8715
25260_output.png,0.8363
25260_output.png,0.9359
25260_output.png,0.9586
25260_output.png,0.9157
25260_output.png,0.9129
25260_output.png,0.8703
25260_output.png,0.9435
25260_output.png,0.9487
25260_output.png,0.8971
25260_output.png,0.7829
25260_output.png,0.9109
25260_output.png,0.9187
25260_output.png,0.9612
25260_output.png,0.9108
25260_output.png,0.7971
25260_output.png,0.8951
25260_output.png,0.9081
25260_output.png,0.9349
25260_output.png,0.9238
25260_output.png,0.9025
25260_output.png,0.97
25260_output.png,0.8353
25260_output.png,0.7514
25260_output.png,0.8511
25260_output.png,0.8599
25260_output.png,0.865
25260_output.png,0.8547
25260_output.png,0.8937
25260_output.png,0.9388
25260_output.png,0.9849
25260_output.png,0.8947
25260_output.png,0.9146
25260_output.png,0.9412
25260_output.png,0.8677
25260_output.png,0.712
25260_output.png,0.8646
25260_output.png,0.8726
25260_output.png,0.9185
25260_output.png,0.8581
25260_output.png,0.8004
25260_output.png,0.9064
25260_output.png,0.9238
25260_output.png,0.9147
25260_output.png,0.9224
25260_output.png,0.8784
25260_output.png,0.8031
25260_output.png,0.9211
25260_output.png,0.9316
25260_output.png,0.8711
25260_output.png,0.9122
25260_output.png,0.8773
25260_output.png,0.9808
25260_output.png,0.9398
25260_output.png,0.914
25260_output.png,0.9271
25260_output.png,0.8274
25260_output.png,0.9387
25260_output.png,0.9445
25260_output.png,0.9509
25260_output.png,0.9192
25260_output.png,0.8179
25260_output.png,0.9194
25260_output.png,0.9116
25260_output.png,0.861
25260_output.png,0.7671
25260_output.png,0.8899
25260_output.png,0.8968
25260_output.png,0.9101
25260_output.png,0.8702
25260_output.png,0.856
25260_output.png,0.9471
25260_output.png,0.9698
25260_output.png,0.7603
25260_output.png,0.91
25260_output.png,0.9258
25260_output.png,0.9365
25260_output.png,0.9425
25260_output.png,0.7599
25260_output.png,0.8677
25260_output.png,0.8547
25260_output.png,0.8799
25260_output.png,0.8744
25260_output.png,0.7564
25260_output.png,0.807
25260_output.png,0.8937
25260_output.png,0.8271
25260_output.png,0.7592
25260_output.png,0.9942
25260_output.png,0.9206
25260_output.png,0.9422
25260_output.png,0.8217
25260_output.png,0.9432
25260_output.png,0.8631
25260_output.png,0.9291
25260_output.png,0.9544
25260_output.png,0.8287
25260_output.png,0.9467
25260_output.png,0.8753
25260_output.png,0.9176
25260_output.png,0.7482
25260_output.png,0.8809
25260_output.png,0.8746
25260_output.png,0.794
25260_output.png,0.9102
25260_output.png,0.8656
25260_output.png,0.892
25260_output.png,0.8948
25260_output.png,0.9479
2100_output.png,0.9812
2100_output.png,0.997
2100_output.png,0.9499
2100_output.png,0.9428
2100_output.png,0.9815
2100_output.png,0.9816
2100_output.png,0.9816
2100_output.png,0.9896
2100_output.png,0.9499
2100_output.png,0.9791
2100_output.png,0.9904
2100_output.png,0.9814
2100_output.png,0.9708
2100_output.png,0.9767
2100_output.png,0.9728
2100_output.png,0.9714
2100_output.png,0.9732
2100_output.png,0.9872
2100_output.png,0.9867
2100_output.png,0.9762
2100_output.png,0.9401
2100_output.png,0.9568
2100_output.png,0.9962
2100_output.png,0.9967
2100_output.png,0.9967
2100_output.png,0.9676
2100_output.png,0.9556
2100_output.png,0.9879
2100_output.png,0.9717
2100_output.png,0.9991
2100_output.png,0.99
2100_output.png,0.9825
2100_output.png,0.9757
2100_output.png,0.99
2100_output.png,0.9873
2100_output.png,0.9929
2100_output.png,0.9825
2100_output.png,0.9486
2100_output.png,0.9396
2100_output.png,0.9783
2100_output.png,0.9781
2100_output.png,0.9781
2100_output.png,0.9872
2100_output.png,0.9438
2100_output.png,0.9712
2100_output.png,0.9877
2100_output.png,0.9762
2100_output.png,0.9636
2100_output.png,0.9707
2100_output.png,0.9677
2100_output.png,0.964
2100_output.png,0.9677
2100_output.png,0.9833
2100_output.png,0.9862
2100_output.png,0.9478
2100_output.png,0.9488
2100_output.png,0.9468
2100_output.png,0.9468
2100_output.png,0.9556
2100_output.png,0.927
2100_output.png,0.9491
2100_output.png,0.9574
2100_output.png,0.9414
2100_output.png,0.9465
2100_output.png,0.9567
2100_output.png,0.9685
2100_output.png,0.9467
2100_output.png,0.9577
2100_output.png,0.9501
2100_output.png,0.9522
2100_output.png,0.9595
2100_output.png,0.9577
2100_output.png,0.9577
2100_output.png,0.9479
2100_output.png,0.9427
2100_output.png,0.954
2100_output.png,0.9519
2100_output.png,0.9561
2100_output.png,0.9652
2100_output.png,0.9547
2100_output.png,0.9558
2100_output.png,0.9659
2100_output.png,0.9698
2100_output.png,0.9469
2100_output.png,0.9532
2100_output.png,0.9995
2100_output.png,0.9995
2100_output.png,0.9683
2100_output.png,0.9549
2100_output.png,0.9834
2100_output.png,0.9731
2100_output.png,0.9966
2100_output.png,0.9872
2100_output.png,0.9827
2100_output.png,0.9801
2100_output.png,0.9869
2100_output.png,0.9912
2100_output.png,0.9925
2100_output.png,0.9837
2100_output.png,1.0
2100_output.png,0.968
2100_output.png,0.9568
2100_output.png,0.9843
2100_output.png,0.9723
2100_output.png,0.9968
2100_output.png,0.9868
2100_output.png,0.983
2100_output.png,0.9781
2100_output.png,0.9871
2100_output.png,0.99
2100_output.png,0.9937
2100_output.png,0.9828
2100_output.png,0.968
2100_output.png,0.9568
2100_output.png,0.9843
2100_output.png,0.9723
2100_output.png,0.9968
2100_output.png,0.9868
2100_output.png,0.983
2100_output.png,0.9781
2100_output.png,0.9871
2100_output.png,0.99
2100_output.png,0.9937
2100_output.png,0.9828
2100_output.png,0.9467
2100_output.png,0.9822
2100_output.png,0.9983
2100_output.png,0.9666
2100_output.png,0.9755
2100_output.png,0.9829
2100_output.png,0.9736
2100_output.png,0.9755
2100_output.png,0.9775
2100_output.png,0.9742
2100_output.png,0.9743
2100_output.png,0.96
2100_output.png,0.9482
2100_output.png,0.957
2100_output.png,0.9548
2100_output.png,0.9604
2100_output.png,0.9478
2100_output.png,0.9566
2100_output.png,0.9566
2100_output.png,0.9618
2100_output.png,0.9521
2100_output.png,0.9843
2100_output.png,0.9865
2100_output.png,0.9945
2100_output.png,0.9947
2100_output.png,0.982
2100_output.png,0.9944
2100_output.png,0.9905
2100_output.png,0.9874
2100_output.png,0.9737
2100_output.png,0.9707
2100_output.png,0.9788
2100_output.png,0.9856
2100_output.png,0.9767
2100_output.png,0.9786
2100_output.png,0.9815
2100_output.png,0.9773
2100_output.png,0.9785
2100_output.png,0.9884
2100_output.png,0.9817
2100_output.png,0.9762
2100_output.png,0.9887
2100_output.png,0.9868
2100_output.png,0.9931
2100_output.png,0.9829
2100_output.png,0.9923
2100_output.png,0.9808
2100_output.png,0.9995
2100_output.png,0.9963
2100_output.png,0.9819
2100_output.png,0.9701
2100_output.png,0.981
2100_output.png,0.9921
2100_output.png,0.9917
2100_output.png,0.9889
2100_output.png,0.9757
2100_output.png,0.9794
2100_output.png,0.9862
2100_output.png,0.9757
2100_output.png,0.9699
2100_output.png,0.9957
2100_output.png,0.9823
2100_output.png,0.9706
2100_output.png,0.9825
2100_output.png,0.9735
2100_output.png,0.9879
Android_Android_2_output.png,0.8712
Android_Android_2_output.png,0.9172
Android_Android_2_output.png,0.9055
Android_Android_2_output.png,0.937
Android_Android_2_output.png,0.8746
Android_Android_2_output.png,0.8561
Android_Android_2_output.png,0.8897
Android_Android_2_output.png,0.9083
Android_Android_2_output.png,0.8572
Android_Android_2_output.png,0.8375
Android_Android_2_output.png,0.8776
Android_Android_2_output.png,0.9116
Android_Android_2_output.png,0.9395
Android_Android_2_output.png,0.8674
Android_Android_2_output.png,0.8417
Android_Android_2_output.png,0.8414
Android_Android_2_output.png,0.8463
Android_Android_2_output.png,0.94
Android_Android_2_output.png,0.8887
Android_Android_2_output.png,0.89
Android_Android_2_output.png,0.9557
Android_Android_2_output.png,0.907
Android_Android_2_output.png,0.8554
Android_Android_2_output.png,0.9375
Android_Android_2_output.png,0.9404
Android_Android_2_output.png,0.9046
Android_Android_2_output.png,0.8913
Android_Android_2_output.png,0.8373
Android_Android_2_output.png,0.8568
Android_Android_2_output.png,0.9089
Android_Android_2_output.png,0.8588
Android_Android_2_output.png,0.8679
Android_Android_2_output.png,0.9103
Android_Android_2_output.png,0.9349
Android_Android_2_output.png,0.9256
Android_Android_2_output.png,0.9184
Android_Android_2_output.png,0.9659
Android_Android_2_output.png,0.9286
Android_Android_2_output.png,0.9792
Android_Android_2_output.png,0.8909
Android_Android_2_output.png,0.8882
Android_Android_2_output.png,0.9022
Android_Android_2_output.png,0.9341
Android_Android_2_output.png,0.8765
Android_Android_2_output.png,0.8004
Android_Android_2_output.png,0.9394
Android_Android_2_output.png,0.9581
Android_Android_2_output.png,0.9364
Android_Android_2_output.png,0.8928
Android_Android_2_output.png,0.831
Android_Android_2_output.png,0.8828
Android_Android_2_output.png,0.8578
Android_Android_2_output.png,0.9376
Android_Android_2_output.png,0.878
Android_Android_2_output.png,0.9441
Android_Android_2_output.png,0.8557
Android_Android_2_output.png,0.9227
Android_Android_2_output.png,0.9334
Android_Android_2_output.png,0.9374
Android_Android_2_output.png,0.9163
Android_Android_2_output.png,0.8627
Android_Android_2_output.png,0.9057
Android_Android_2_output.png,0.9467
Android_Android_2_output.png,0.923
Android_Android_2_output.png,0.8906
Android_Android_2_output.png,0.9011
Android_Android_2_output.png,0.9238
Android_Android_2_output.png,0.9058
Android_Android_2_output.png,0.9426
Android_Android_2_output.png,0.9519
Android_Android_2_output.png,0.8958
Android_Android_2_output.png,0.8936
Android_Android_2_output.png,0.9107
Android_Android_2_output.png,0.9502
Android_Android_2_output.png,0.8906
Android_Android_2_output.png,0.8288
Android_Android_2_output.png,0.9151
Android_Android_2_output.png,0.96
Android_Android_2_output.png,0.937
Android_Android_2_output.png,0.8969
Android_Android_2_output.png,0.8442
Android_Android_2_output.png,0.8898
Android_Android_2_output.png,0.8723
Android_Android_2_output.png,0.9592
Android_Android_2_output.png,0.8966
Android_Android_2_output.png,0.8469
Android_Android_2_output.png,0.8954
Android_Android_2_output.png,0.8912
Android_Android_2_output.png,0.8251
Android_Android_2_output.png,0.7258
Android_Android_2_output.png,0.8098
Android_Android_2_output.png,0.9163
Android_Android_2_output.png,0.842
Android_Android_2_output.png,0.8107
Android_Android_2_output.png,0.7782
Android_Android_2_output.png,0.8802
Android_Android_2_output.png,0.811
Android_Android_2_output.png,0.9165
Android_Android_2_output.png,0.8183
Android_Android_2_output.png,0.9734
Android_Android_2_output.png,0.8681
Android_Android_2_output.png,0.8647
Android_Android_2_output.png,0.8171
Android_Android_2_output.png,0.8437
Android_Android_2_output.png,0.8928
Android_Android_2_output.png,0.8828
Android_Android_2_output.png,0.886
Android_Android_2_output.png,0.8954
Android_Android_2_output.png,0.9701
Android_Android_2_output.png,0.8979
Android_Android_2_output.png,0.8639
Android_Android_2_output.png,0.919
Android_Android_2_output.png,0.8887
Android_Android_2_output.png,0.8801
Android_Android_2_output.png,0.8262
Android_Android_2_output.png,0.8526
Android_Android_2_output.png,0.9054
Android_Android_2_output.png,0.8976
Android_Android_2_output.png,0.8803
Android_Android_2_output.png,0.9051
Android_Android_2_output.png,0.9652
Android_Android_2_output.png,0.8942
Android_Android_2_output.png,0.894
Android_Android_2_output.png,0.9221
Android_Android_2_output.png,0.899
Android_Android_2_output.png,0.815
Android_Android_2_output.png,0.9046
Android_Android_2_output.png,0.9604
Android_Android_2_output.png,0.9058
Android_Android_2_output.png,0.8783
Android_Android_2_output.png,0.8403
Android_Android_2_output.png,0.8785
Android_Android_2_output.png,0.8705
Android_Android_2_output.png,0.9631
Android_Android_2_output.png,0.896
Android_Android_2_output.png,0.9505
Android_Android_2_output.png,0.8417
Android_Android_2_output.png,0.898
Android_Android_2_output.png,0.8554
Android_Android_2_output.png,0.9392
Android_Android_2_output.png,0.8384
Android_Android_2_output.png,0.872
Android_Android_2_output.png,0.9524
Android_Android_2_output.png,0.9061
Android_Android_2_output.png,0.899
Android_Android_2_output.png,0.7725
Android_Android_2_output.png,0.8032
Android_Android_2_output.png,0.8028
Android_Android_2_output.png,0.9181
Android_Android_2_output.png,0.8269
Android_Android_2_output.png,0.7944
Android_Android_2_output.png,0.9201
Android_Android_2_output.png,0.8366
Android_Android_2_output.png,0.8724
Android_Android_2_output.png,0.9418
Android_Android_2_output.png,0.928
Android_Android_2_output.png,0.8697
Android_Android_2_output.png,0.8016
Android_Android_2_output.png,0.8427
Android_Android_2_output.png,0.8258
Android_Android_2_output.png,0.9076
Android_Android_2_output.png,0.864
Android_Android_2_output.png,0.9335
Android_Android_2_output.png,0.8874
Android_Android_2_output.png,0.8244
Android_Android_2_output.png,0.9078
Android_Android_2_output.png,0.8677
Android_Android_2_output.png,0.9649
Android_Android_2_output.png,0.9
Android_Android_2_output.png,0.89
Android_Android_2_output.png,0.8263
Android_Android_2_output.png,0.8675
Android_Android_2_output.png,0.8356
Android_Android_2_output.png,0.9054
Android_Android_2_output.png,0.8519
Android_Android_2_output.png,0.8227
Android_Android_2_output.png,0.8677
Android_Android_2_output.png,0.9485
Android_Android_2_output.png,0.8755
Android_Android_2_output.png,0.8638
Android_Android_2_output.png,0.8842
Android_Android_2_output.png,0.8783
Android_Android_2_output.png,0.827
Android_Android_2_output.png,0.9364
Android_Android_2_output.png,0.8894
Android_Android_2_output.png,0.8829
Android_Android_2_output.png,0.9161
Android_Android_2_output.png,0.8762
Android_Android_2_output.png,0.9163
Android_Android_2_output.png,0.9117
14976_output.png,0.9594
14976_output.png,0.9935
14976_output.png,0.9061
14976_output.png,0.9156
14976_output.png,0.8833
14976_output.png,0.9353
14976_output.png,0.959
14976_output.png,0.9416
14976_output.png,0.9607
14976_output.png,0.9221
14976_output.png,0.9325
14976_output.png,0.9221
14976_output.png,0.9184
14976_output.png,0.9693
14976_output.png,0.9629
14976_output.png,0.8679
14976_output.png,0.9172
14976_output.png,0.9311
14976_output.png,0.9604
14976_output.png,0.9571
14976_output.png,0.9143
14976_output.png,0.9183
14976_output.png,0.8804
14976_output.png,0.9355
14976_output.png,0.9639
14976_output.png,0.9726
14976_output.png,0.9597
14976_output.png,0.905
14976_output.png,0.9348
14976_output.png,0.9093
14976_output.png,0.909
14976_output.png,0.9581
14976_output.png,0.9598
14976_output.png,0.8683
14976_output.png,0.918
14976_output.png,0.9678
14976_output.png,0.9548
14976_output.png,0.901
14976_output.png,0.9115
14976_output.png,0.885
14976_output.png,0.9259
14976_output.png,0.953
14976_output.png,0.939
14976_output.png,0.9551
14976_output.png,0.9184
14976_output.png,0.9293
14976_output.png,0.919
14976_output.png,0.9206
14976_output.png,0.9627
14976_output.png,0.9546
14976_output.png,0.8663
14976_output.png,0.9145
14976_output.png,0.9313
14976_output.png,0.9555
14976_output.png,0.9597
14976_output.png,0.9279
14976_output.png,0.8945
14976_output.png,0.9175
14976_output.png,0.9035
14976_output.png,0.9441
14976_output.png,0.9472
14976_output.png,0.896
14976_output.png,0.9434
14976_output.png,0.9238
14976_output.png,0.9404
14976_output.png,0.9167
14976_output.png,0.9398
14976_output.png,0.95
14976_output.png,0.9072
14976_output.png,0.906
14976_output.png,0.8919
14976_output.png,0.9098
14976_output.png,0.8915
14976_output.png,0.9316
14976_output.png,0.9137
14976_output.png,0.9814
14976_output.png,0.8813
14976_output.png,0.9857
14976_output.png,0.9649
14976_output.png,0.9192
14976_output.png,0.8955
14976_output.png,0.8884
14976_output.png,0.9837
14976_output.png,0.9414
14976_output.png,0.8802
14976_output.png,0.8475
14976_output.png,0.8988
14976_output.png,0.8615
14976_output.png,0.9046
14976_output.png,0.8869
14976_output.png,0.8747
14976_output.png,0.8847
14976_output.png,0.891
14976_output.png,0.9107
14976_output.png,0.8935
14976_output.png,0.9725
14976_output.png,0.8827
14976_output.png,0.8567
14976_output.png,0.8773
14976_output.png,0.911
14976_output.png,0.937
14976_output.png,0.9422
14976_output.png,0.9097
14976_output.png,0.923
14976_output.png,0.9073
14976_output.png,0.9025
14976_output.png,0.9393
14976_output.png,0.9161
14976_output.png,0.8426
14976_output.png,0.9138
14976_output.png,0.9232
14976_output.png,0.908
14976_output.png,0.9405
14976_output.png,0.9611
14976_output.png,0.8837
14976_output.png,0.9509
14976_output.png,0.8824
14976_output.png,0.8832
14976_output.png,0.9643
14976_output.png,0.9927
14976_output.png,0.8924
14976_output.png,0.88
14976_output.png,0.9235
14976_output.png,0.9882
14976_output.png,0.9392
14976_output.png,0.9155
14976_output.png,0.9198
14976_output.png,0.9191
14976_output.png,0.9172
14976_output.png,0.9442
14976_output.png,0.9429
14976_output.png,0.8546
14976_output.png,0.9188
14976_output.png,0.9792
14976_output.png,0.9332
14976_output.png,0.9217
14976_output.png,0.9303
14976_output.png,0.9168
14976_output.png,0.9079
14976_output.png,0.9936
14976_output.png,0.9642
14976_output.png,0.9053
14976_output.png,0.923
14976_output.png,0.933
14976_output.png,0.9588
14976_output.png,0.8755
14976_output.png,0.9955
14976_output.png,0.9653
14976_output.png,0.928
14976_output.png,0.8947
14976_output.png,0.8757
14976_output.png,0.9865
14976_output.png,0.9343
14976_output.png,0.8857
14976_output.png,0.8783
14976_output.png,0.8866
14976_output.png,0.9294
14976_output.png,0.9549
14976_output.png,0.8635
14976_output.png,0.8819
14976_output.png,0.909
14976_output.png,0.9516
14976_output.png,0.9689
14976_output.png,0.9236
14976_output.png,0.8928
14976_output.png,0.8677
14976_output.png,0.9921
14976_output.png,0.94
14976_output.png,0.8818
14976_output.png,0.9214
14976_output.png,0.8953
14976_output.png,0.8559
14976_output.png,0.9598
14976_output.png,0.9284
14976_output.png,0.8814
14976_output.png,0.9691
14976_output.png,0.9024
14976_output.png,0.9193
14976_output.png,0.9363
14976_output.png,0.9625
14976_output.png,0.8811
14976_output.png,0.8887
14976_output.png,0.9296
14976_output.png,0.9933
14976_output.png,0.8692
14976_output.png,0.8376
14976_output.png,0.8708
14976_output.png,0.9419
14976_output.png,0.8776
14976_output.png,0.9241
Android_Android_4_output.png,0.9442
Android_Android_4_output.png,0.8068
Android_Android_4_output.png,0.9791
Android_Android_4_output.png,0.9861
Android_Android_4_output.png,0.7371
Android_Android_4_output.png,0.9881
Android_Android_4_output.png,0.8189
Android_Android_4_output.png,0.8054
Android_Android_4_output.png,0.6683
Android_Android_4_output.png,0.9949
Android_Android_4_output.png,0.8536
Android_Android_4_output.png,0.8009
Android_Android_4_output.png,0.7149
Android_Android_4_output.png,0.9644
Android_Android_4_output.png,0.9412
Android_Android_4_output.png,0.9167
Android_Android_4_output.png,0.6793
Android_Android_4_output.png,0.8116
Android_Android_4_output.png,0.7973
Android_Android_4_output.png,0.8461
Android_Android_4_output.png,0.954
Android_Android_4_output.png,0.9631
Android_Android_4_output.png,0.7429
Android_Android_4_output.png,0.9455
Android_Android_4_output.png,0.8299
Android_Android_4_output.png,0.8146
Android_Android_4_output.png,0.7256
Android_Android_4_output.png,0.952
Android_Android_4_output.png,0.8549
Android_Android_4_output.png,0.8312
Android_Android_4_output.png,0.7228
Android_Android_4_output.png,0.9846
Android_Android_4_output.png,0.9119
Android_Android_4_output.png,0.8942
Android_Android_4_output.png,0.7307
Android_Android_4_output.png,0.8152
Android_Android_4_output.png,0.8378
Android_Android_4_output.png,0.8218
Android_Android_4_output.png,0.8114
Android_Android_4_output.png,0.7176
Android_Android_4_output.png,0.7873
Android_Android_4_output.png,0.984
Android_Android_4_output.png,0.788
Android_Android_4_output.png,0.8185
Android_Android_4_output.png,0.8081
Android_Android_4_output.png,0.8634
Android_Android_4_output.png,0.9869
Android_Android_4_output.png,0.7889
Android_Android_4_output.png,0.8349
Android_Android_4_output.png,0.8216
Android_Android_4_output.png,0.8346
Android_Android_4_output.png,0.7953
Android_Android_4_output.png,0.917
Android_Android_4_output.png,0.8957
Android_Android_4_output.png,0.985
Android_Android_4_output.png,0.7467
Android_Android_4_output.png,0.9798
Android_Android_4_output.png,0.825
Android_Android_4_output.png,0.8254
Android_Android_4_output.png,0.7046
Android_Android_4_output.png,0.9686
Android_Android_4_output.png,0.8722
Android_Android_4_output.png,0.8188
Android_Android_4_output.png,0.7488
Android_Android_4_output.png,0.9722
Android_Android_4_output.png,0.9312
Android_Android_4_output.png,0.9058
Android_Android_4_output.png,0.7118
Android_Android_4_output.png,0.8391
Android_Android_4_output.png,0.8165
Android_Android_4_output.png,0.7544
Android_Android_4_output.png,0.9885
Android_Android_4_output.png,0.8089
Android_Android_4_output.png,0.818
Android_Android_4_output.png,0.6868
Android_Android_4_output.png,0.9795
Android_Android_4_output.png,0.8615
Android_Android_4_output.png,0.7987
Android_Android_4_output.png,0.7239
Android_Android_4_output.png,0.9815
Android_Android_4_output.png,0.9345
Android_Android_4_output.png,0.9116
Android_Android_4_output.png,0.6952
Android_Android_4_output.png,0.8071
Android_Android_4_output.png,0.7963
Android_Android_4_output.png,0.7398
Android_Android_4_output.png,0.7292
Android_Android_4_output.png,0.8724
Android_Android_4_output.png,0.8018
Android_Android_4_output.png,0.7315
Android_Android_4_output.png,0.8383
Android_Android_4_output.png,0.703
Android_Android_4_output.png,0.8253
Android_Android_4_output.png,0.7526
Android_Android_4_output.png,0.7196
Android_Android_4_output.png,0.7978
Android_Android_4_output.png,0.8204
Android_Android_4_output.png,0.7041
Android_Android_4_output.png,0.6424
Android_Android_4_output.png,0.7868
Android_Android_4_output.png,0.8059
Android_Android_4_output.png,0.659
Android_Android_4_output.png,0.9834
Android_Android_4_output.png,0.8468
Android_Android_4_output.png,0.7843
Android_Android_4_output.png,0.7065
Android_Android_4_output.png,0.9671
Android_Android_4_output.png,0.9379
Android_Android_4_output.png,0.9185
Android_Android_4_output.png,0.6717
Android_Android_4_output.png,0.8008
Android_Android_4_output.png,0.789
Android_Android_4_output.png,0.789
Android_Android_4_output.png,0.8184
Android_Android_4_output.png,0.8193
Android_Android_4_output.png,0.8738
Android_Android_4_output.png,0.9724
Android_Android_4_output.png,0.7993
Android_Android_4_output.png,0.8198
Android_Android_4_output.png,0.8227
Android_Android_4_output.png,0.8412
Android_Android_4_output.png,0.8008
Android_Android_4_output.png,0.9167
Android_Android_4_output.png,0.8829
Android_Android_4_output.png,0.8927
Android_Android_4_output.png,0.7916
Android_Android_4_output.png,0.929
Android_Android_4_output.png,0.7804
Android_Android_4_output.png,0.9327
Android_Android_4_output.png,0.8387
Android_Android_4_output.png,0.7955
Android_Android_4_output.png,0.8216
Android_Android_4_output.png,0.8989
Android_Android_4_output.png,0.7885
Android_Android_4_output.png,0.7451
Android_Android_4_output.png,0.6712
Android_Android_4_output.png,0.8991
Android_Android_4_output.png,0.8097
Android_Android_4_output.png,0.9551
Android_Android_4_output.png,0.7082
Android_Android_4_output.png,0.6927
Android_Android_4_output.png,0.6737
Android_Android_4_output.png,0.9868
Android_Android_4_output.png,0.7759
Android_Android_4_output.png,0.7803
Android_Android_4_output.png,0.851
Android_Android_4_output.png,0.8024
Android_Android_4_output.png,0.6988
Android_Android_4_output.png,0.9591
Android_Android_4_output.png,0.9437
Android_Android_4_output.png,0.9162
Android_Android_4_output.png,0.6811
Android_Android_4_output.png,0.8007
Android_Android_4_output.png,0.8032
Android_Android_4_output.png,0.857
Android_Android_4_output.png,0.899
Android_Android_4_output.png,0.8539
Android_Android_4_output.png,0.8556
Android_Android_4_output.png,0.8765
Android_Android_4_output.png,0.8989
Android_Android_4_output.png,0.8385
Android_Android_4_output.png,0.8284
Android_Android_4_output.png,0.7805
Android_Android_4_output.png,0.8218
Android_Android_4_output.png,0.8246
Android_Android_4_output.png,0.8295
Android_Android_4_output.png,0.7835
Android_Android_4_output.png,0.9245
Android_Android_4_output.png,0.9034
Android_Android_4_output.png,0.739
Android_Android_4_output.png,0.714
Android_Android_4_output.png,0.6984
Android_Android_4_output.png,0.9675
Android_Android_4_output.png,0.7974
Android_Android_4_output.png,0.7677
Android_Android_4_output.png,0.9186
Android_Android_4_output.png,0.8956
Android_Android_4_output.png,0.7123
Android_Android_4_output.png,0.8208
Android_Android_4_output.png,0.8097
Android_Android_4_output.png,0.9096
Android_Android_4_output.png,0.6932
Android_Android_4_output.png,0.8275
Android_Android_4_output.png,0.8365
Android_Android_4_output.png,0.6902
Android_Android_4_output.png,0.8479
Android_Android_4_output.png,0.8183
Android_Android_4_output.png,0.7817
Android_Android_4_output.png,0.7875
Android_Android_4_output.png,0.9294
26309_output.png,0.8491
26309_output.png,0.8749
26309_output.png,0.9543
26309_output.png,0.9898
26309_output.png,0.9759
26309_output.png,0.943
26309_output.png,0.9274
26309_output.png,0.969
26309_output.png,0.9865
26309_output.png,0.9768
26309_output.png,0.9785
26309_output.png,0.8379
26309_output.png,0.9448
26309_output.png,0.9814
26309_output.png,0.9612
26309_output.png,0.982
26309_output.png,0.964
26309_output.png,0.8373
26309_output.png,0.8945
26309_output.png,0.9788
26309_output.png,0.8744
26309_output.png,0.846
26309_output.png,0.8383
26309_output.png,0.9216
26309_output.png,0.8585
26309_output.png,0.8503
26309_output.png,0.8471
26309_output.png,0.8654
26309_output.png,0.8846
26309_output.png,0.967
26309_output.png,0.9092
26309_output.png,0.8361
26309_output.png,0.8539
26309_output.png,0.8471
26309_output.png,0.8592
26309_output.png,0.9097
26309_output.png,0.9744
26309_output.png,0.8903
26309_output.png,0.8725
26309_output.png,0.8746
26309_output.png,0.9154
26309_output.png,0.8628
26309_output.png,0.8863
26309_output.png,0.8828
26309_output.png,0.8823
26309_output.png,0.9033
26309_output.png,0.9516
26309_output.png,0.9229
26309_output.png,0.8741
26309_output.png,0.8834
26309_output.png,0.8714
26309_output.png,0.8969
26309_output.png,0.9205
26309_output.png,0.9927
26309_output.png,0.9487
26309_output.png,0.9499
26309_output.png,0.9284
26309_output.png,0.9122
26309_output.png,0.9422
26309_output.png,0.9525
26309_output.png,0.9448
26309_output.png,0.9618
26309_output.png,0.8493
26309_output.png,0.9568
26309_output.png,0.953
26309_output.png,0.9321
26309_output.png,0.9508
26309_output.png,0.9401
26309_output.png,0.8487
26309_output.png,0.9039
26309_output.png,0.9877
26309_output.png,0.9461
26309_output.png,0.9329
26309_output.png,0.9815
26309_output.png,0.99
26309_output.png,0.9802
26309_output.png,0.975
26309_output.png,0.8331
26309_output.png,0.9499
26309_output.png,0.9916
26309_output.png,0.9764
26309_output.png,0.9902
26309_output.png,0.9745
26309_output.png,0.8287
26309_output.png,0.8923
26309_output.png,0.9295
26309_output.png,0.9291
26309_output.png,0.9932
26309_output.png,0.9896
26309_output.png,0.9673
26309_output.png,0.9673
26309_output.png,0.8226
26309_output.png,0.9569
26309_output.png,0.9967
26309_output.png,0.9837
26309_output.png,0.9894
26309_output.png,0.9863
26309_output.png,0.8263
26309_output.png,0.8941
26309_output.png,0.946
26309_output.png,0.9414
26309_output.png,0.9419
26309_output.png,0.967
26309_output.png,0.9481
26309_output.png,0.8911
26309_output.png,0.9714
26309_output.png,0.929
26309_output.png,0.952
26309_output.png,0.9415
26309_output.png,0.943
26309_output.png,0.8491
26309_output.png,0.9321
26309_output.png,0.9445
26309_output.png,0.9257
26309_output.png,0.9636
26309_output.png,0.9278
26309_output.png,0.8399
26309_output.png,0.951
26309_output.png,0.9261
26309_output.png,0.9497
26309_output.png,0.9521
26309_output.png,0.9529
26309_output.png,0.7735
26309_output.png,0.8752
26309_output.png,0.983
26309_output.png,0.9748
26309_output.png,0.9616
26309_output.png,0.827
26309_output.png,0.9683
26309_output.png,0.9888
26309_output.png,0.994
26309_output.png,0.9836
26309_output.png,0.9951
26309_output.png,0.8215
26309_output.png,0.9053
26309_output.png,0.9768
26309_output.png,0.9621
26309_output.png,0.8338
26309_output.png,0.9574
26309_output.png,0.9934
26309_output.png,0.9781
26309_output.png,0.9797
26309_output.png,0.9742
26309_output.png,0.8478
26309_output.png,0.9028
26309_output.png,0.9596
26309_output.png,0.8435
26309_output.png,0.9598
26309_output.png,0.9693
26309_output.png,0.9774
26309_output.png,0.9804
26309_output.png,0.971
26309_output.png,0.8283
26309_output.png,0.903
26309_output.png,0.865
26309_output.png,0.9573
26309_output.png,0.9686
26309_output.png,0.951
26309_output.png,0.9775
26309_output.png,0.9622
26309_output.png,0.8416
26309_output.png,0.9161
26309_output.png,0.8771
26309_output.png,0.8225
26309_output.png,0.8295
26309_output.png,0.8325
26309_output.png,0.8378
26309_output.png,0.9247
26309_output.png,0.9457
26309_output.png,0.9556
26309_output.png,0.9696
26309_output.png,0.9508
26309_output.png,0.9707
26309_output.png,0.8497
26309_output.png,0.9335
26309_output.png,0.979
26309_output.png,0.9869
26309_output.png,0.9818
26309_output.png,0.8292
26309_output.png,0.8916
26309_output.png,0.9737
26309_output.png,0.9878
26309_output.png,0.8166
26309_output.png,0.9032
26309_output.png,0.981
26309_output.png,0.8169
26309_output.png,0.8905
26309_output.png,0.8179
26309_output.png,0.9095
26309_output.png,0.924
3458_output.png,0.9857
3458_output.png,0.6797
3458_output.png,0.7775
3458_output.png,0.6405
3458_output.png,0.6207
3458_output.png,0.9514
3458_output.png,0.6391
3458_output.png,0.61
3458_output.png,0.6146
3458_output.png,0.6235
3458_output.png,0.9758
3458_output.png,0.9356
3458_output.png,0.7294
3458_output.png,0.6061
3458_output.png,0.9212
3458_output.png,0.6253
3458_output.png,0.9726
3458_output.png,0.6338
3458_output.png,0.5875
3458_output.png,0.6914
3458_output.png,0.7947
3458_output.png,0.6523
3458_output.png,0.6304
3458_output.png,0.9507
3458_output.png,0.6482
3458_output.png,0.6088
3458_output.png,0.6214
3458_output.png,0.6327
3458_output.png,0.9782
3458_output.png,0.9379
3458_output.png,0.7392
3458_output.png,0.6043
3458_output.png,0.9371
3458_output.png,0.6333
3458_output.png,0.9678
3458_output.png,0.634
3458_output.png,0.5895
3458_output.png,0.8883
3458_output.png,0.9123
3458_output.png,0.9156
3458_output.png,0.7203
3458_output.png,0.9276
3458_output.png,0.8848
3458_output.png,0.9084
3458_output.png,0.9085
3458_output.png,0.7134
3458_output.png,0.8126
3458_output.png,0.8421
3458_output.png,0.9125
3458_output.png,0.6545
3458_output.png,0.9061
3458_output.png,0.747
3458_output.png,0.8657
3458_output.png,0.8924
3458_output.png,0.857
3458_output.png,0.8846
3458_output.png,0.8508
3458_output.png,0.8666
3458_output.png,0.8664
3458_output.png,0.8549
3458_output.png,0.8802
3458_output.png,0.7813
3458_output.png,0.8758
3458_output.png,0.8982
3458_output.png,0.8677
3458_output.png,0.7585
3458_output.png,0.8769
3458_output.png,0.8351
3458_output.png,0.8422
3458_output.png,0.8536
3458_output.png,0.8404
3458_output.png,0.6803
3458_output.png,0.8782
3458_output.png,0.8203
3458_output.png,0.8373
3458_output.png,0.8428
3458_output.png,0.6815
3458_output.png,0.7392
3458_output.png,0.7625
3458_output.png,0.8461
3458_output.png,0.7051
3458_output.png,0.8425
3458_output.png,0.7144
3458_output.png,0.8077
3458_output.png,0.8243
3458_output.png,0.7342
3458_output.png,0.935
3458_output.png,0.927
3458_output.png,0.9442
3458_output.png,0.9396
3458_output.png,0.6219
3458_output.png,0.7832
3458_output.png,0.8567
3458_output.png,0.9492
3458_output.png,0.5539
3458_output.png,0.937
3458_output.png,0.6961
3458_output.png,0.9081
3458_output.png,0.9298
3458_output.png,0.7233
3458_output.png,0.7081
3458_output.png,0.708
3458_output.png,0.7161
3458_output.png,0.925
3458_output.png,0.9362
3458_output.png,0.8075
3458_output.png,0.7116
3458_output.png,0.8791
3458_output.png,0.7151
3458_output.png,0.9481
3458_output.png,0.734
3458_output.png,0.6878
3458_output.png,0.9043
3458_output.png,0.9813
3458_output.png,0.9661
3458_output.png,0.6331
3458_output.png,0.7794
3458_output.png,0.8319
3458_output.png,0.9129
3458_output.png,0.5852
3458_output.png,0.9643
3458_output.png,0.7032
3458_output.png,0.9141
3458_output.png,0.9075
3458_output.png,0.9196
3458_output.png,0.9342
3458_output.png,0.6035
3458_output.png,0.7701
3458_output.png,0.9134
3458_output.png,0.9395
3458_output.png,0.5511
3458_output.png,0.9314
3458_output.png,0.6774
3458_output.png,0.9013
3458_output.png,0.9871
3458_output.png,0.9702
3458_output.png,0.6033
3458_output.png,0.7685
3458_output.png,0.8443
3458_output.png,0.9164
3458_output.png,0.5392
3458_output.png,0.9672
3458_output.png,0.6772
3458_output.png,0.9246
3458_output.png,0.9267
3458_output.png,0.6167
3458_output.png,0.7824
3458_output.png,0.8642
3458_output.png,0.9231
3458_output.png,0.5585
3458_output.png,0.9991
3458_output.png,0.6894
3458_output.png,0.9184
3458_output.png,0.9407
3458_output.png,0.929
3458_output.png,0.735
3458_output.png,0.6132
3458_output.png,0.9514
3458_output.png,0.6185
3458_output.png,0.9601
3458_output.png,0.6168
3458_output.png,0.5919
3458_output.png,0.863
3458_output.png,0.7739
3458_output.png,0.8679
3458_output.png,0.785
3458_output.png,0.9633
3458_output.png,0.7735
3458_output.png,0.7546
3458_output.png,0.8701
3458_output.png,0.6733
3458_output.png,0.8626
3458_output.png,0.7983
3458_output.png,0.8239
3458_output.png,0.9092
3458_output.png,0.559
3458_output.png,0.9216
3458_output.png,0.6865
3458_output.png,0.9002
3458_output.png,0.944
3458_output.png,0.5628
3458_output.png,0.9146
3458_output.png,0.5618
3458_output.png,0.5372
3458_output.png,0.6923
3458_output.png,0.9147
3458_output.png,0.9379
3458_output.png,0.6812
3458_output.png,0.6609
3458_output.png,0.8909
56563_output.png,0.8687
56563_output.png,0.9295
56563_output.png,0.9468
56563_output.png,0.883
56563_output.png,0.8928
56563_output.png,0.9367
56563_output.png,0.9106
56563_output.png,0.9607
56563_output.png,0.9139
56563_output.png,0.8947
56563_output.png,0.8864
56563_output.png,0.9104
56563_output.png,0.8727
56563_output.png,0.8983
56563_output.png,0.9052
56563_output.png,0.8985
56563_output.png,0.8858
56563_output.png,0.8865
56563_output.png,0.8346
56563_output.png,0.895
56563_output.png,0.9074
56563_output.png,0.9858
56563_output.png,0.905
56563_output.png,0.9114
56563_output.png,0.9007
56563_output.png,0.8926
56563_output.png,0.8694
56563_output.png,0.8999
56563_output.png,0.8979
56563_output.png,0.9346
56563_output.png,0.8891
56563_output.png,0.8885
56563_output.png,0.917
56563_output.png,0.9302
56563_output.png,0.8841
56563_output.png,0.8874
56563_output.png,0.9546
56563_output.png,0.9384
56563_output.png,0.9107
56563_output.png,0.9263
56563_output.png,0.9478
56563_output.png,0.9671
56563_output.png,0.9399
56563_output.png,0.9591
56563_output.png,0.9399
56563_output.png,0.9285
56563_output.png,0.945
56563_output.png,0.9117
56563_output.png,0.9402
56563_output.png,0.9427
56563_output.png,0.9421
56563_output.png,0.9314
56563_output.png,0.9442
56563_output.png,0.8817
56563_output.png,0.8982
56563_output.png,0.92
56563_output.png,0.9433
56563_output.png,0.9508
56563_output.png,0.9631
56563_output.png,0.915
56563_output.png,0.9379
56563_output.png,0.9343
56563_output.png,0.9546
56563_output.png,0.9272
56563_output.png,0.9198
56563_output.png,0.9393
56563_output.png,0.9447
56563_output.png,0.9187
56563_output.png,0.9347
56563_output.png,0.8596
56563_output.png,0.9079
56563_output.png,0.9165
56563_output.png,0.8991
56563_output.png,0.9028
56563_output.png,0.8818
56563_output.png,0.9045
56563_output.png,0.9031
56563_output.png,0.927
56563_output.png,0.8917
56563_output.png,0.9048
56563_output.png,0.9219
56563_output.png,0.9285
56563_output.png,0.8914
56563_output.png,0.8958
56563_output.png,0.9639
56563_output.png,0.9171
56563_output.png,0.9096
56563_output.png,0.9072
56563_output.png,0.8805
56563_output.png,0.969
56563_output.png,0.9615
56563_output.png,0.9235
56563_output.png,0.9488
56563_output.png,0.9696
56563_output.png,0.9792
56563_output.png,0.9282
56563_output.png,0.9355
56563_output.png,0.9559
56563_output.png,0.9166
56563_output.png,0.948
56563_output.png,0.9683
56563_output.png,0.946
56563_output.png,0.9185
56563_output.png,0.9269
56563_output.png,0.9498
56563_output.png,0.9148
56563_output.png,0.9191
56563_output.png,0.9342
56563_output.png,0.94
56563_output.png,0.9169
56563_output.png,0.9287
56563_output.png,0.8618
56563_output.png,0.9417
56563_output.png,0.9452
56563_output.png,0.9244
56563_output.png,0.9155
56563_output.png,0.9575
56563_output.png,0.8955
56563_output.png,0.9177
56563_output.png,0.9329
56563_output.png,0.9436
56563_output.png,0.9224
56563_output.png,0.9286
56563_output.png,0.862
56563_output.png,0.933
56563_output.png,0.9125
56563_output.png,0.9186
56563_output.png,0.9289
56563_output.png,0.8959
56563_output.png,0.9125
56563_output.png,0.9279
56563_output.png,0.9245
56563_output.png,0.9071
56563_output.png,0.9117
56563_output.png,0.8502
56563_output.png,0.9009
56563_output.png,0.8856
56563_output.png,0.926
56563_output.png,0.876
56563_output.png,0.8916
56563_output.png,0.9067
56563_output.png,0.9262
56563_output.png,0.9374
56563_output.png,0.9104
56563_output.png,0.8331
56563_output.png,0.9769
56563_output.png,0.924
56563_output.png,0.9683
56563_output.png,0.9657
56563_output.png,0.9873
56563_output.png,0.9471
56563_output.png,0.9644
56563_output.png,0.9834
56563_output.png,0.9171
56563_output.png,0.9211
56563_output.png,0.9831
56563_output.png,0.9705
56563_output.png,0.979
56563_output.png,0.9353
56563_output.png,0.9514
56563_output.png,0.9665
56563_output.png,0.9116
56563_output.png,0.9211
56563_output.png,0.9165
56563_output.png,0.9347
56563_output.png,0.9659
56563_output.png,0.9132
56563_output.png,0.9271
56563_output.png,0.8837
56563_output.png,0.9467
56563_output.png,0.9656
56563_output.png,0.9296
56563_output.png,0.944
56563_output.png,0.9623
56563_output.png,0.8969
56563_output.png,0.9665
56563_output.png,0.9292
56563_output.png,0.9408
56563_output.png,0.9564
56563_output.png,0.9019
56563_output.png,0.9459
56563_output.png,0.9604
56563_output.png,0.9707
56563_output.png,0.9284
56563_output.png,0.9416
56563_output.png,0.9398
56563_output.png,0.8996
56563_output.png,0.9539
56563_output.png,0.8906
56563_output.png,0.8935
Android_Android_15_output.png,0.8824
Android_Android_15_output.png,0.8328
Android_Android_15_output.png,0.9446
Android_Android_15_output.png,0.9075
Android_Android_15_output.png,0.9241
Android_Android_15_output.png,0.8431
Android_Android_15_output.png,0.8211
Android_Android_15_output.png,0.8999
Android_Android_15_output.png,0.8851
Android_Android_15_output.png,0.8259
Android_Android_15_output.png,0.9121
Android_Android_15_output.png,0.9364
Android_Android_15_output.png,0.8571
Android_Android_15_output.png,0.9267
Android_Android_15_output.png,0.8654
Android_Android_15_output.png,0.8359
Android_Android_15_output.png,0.8854
Android_Android_15_output.png,0.8797
Android_Android_15_output.png,0.9374
Android_Android_15_output.png,0.9051
Android_Android_15_output.png,0.8609
Android_Android_15_output.png,0.9276
Android_Android_15_output.png,0.8692
Android_Android_15_output.png,0.9045
Android_Android_15_output.png,0.879
Android_Android_15_output.png,0.943
Android_Android_15_output.png,0.9326
Android_Android_15_output.png,0.895
Android_Android_15_output.png,0.9135
Android_Android_15_output.png,0.8693
Android_Android_15_output.png,0.9014
Android_Android_15_output.png,0.9163
Android_Android_15_output.png,0.8991
Android_Android_15_output.png,0.8704
Android_Android_15_output.png,0.9102
Android_Android_15_output.png,0.9236
Android_Android_15_output.png,0.9343
Android_Android_15_output.png,0.8373
Android_Android_15_output.png,0.9138
Android_Android_15_output.png,0.8465
Android_Android_15_output.png,0.9085
Android_Android_15_output.png,0.9551
Android_Android_15_output.png,0.9394
Android_Android_15_output.png,0.9622
Android_Android_15_output.png,0.947
Android_Android_15_output.png,0.9128
Android_Android_15_output.png,0.8437
Android_Android_15_output.png,0.9542
Android_Android_15_output.png,0.9118
Android_Android_15_output.png,0.9353
Android_Android_15_output.png,0.9182
Android_Android_15_output.png,0.8992
Android_Android_15_output.png,0.9265
Android_Android_15_output.png,0.8868
Android_Android_15_output.png,0.8903
Android_Android_15_output.png,0.9812
Android_Android_15_output.png,0.8781
Android_Android_15_output.png,0.8461
Android_Android_15_output.png,0.8708
Android_Android_15_output.png,0.8824
Android_Android_15_output.png,0.8359
Android_Android_15_output.png,0.9119
Android_Android_15_output.png,0.9879
Android_Android_15_output.png,0.8588
Android_Android_15_output.png,0.9333
Android_Android_15_output.png,0.8929
Android_Android_15_output.png,0.8811
Android_Android_15_output.png,0.8798
Android_Android_15_output.png,0.9167
Android_Android_15_output.png,0.9091
Android_Android_15_output.png,0.8653
Android_Android_15_output.png,0.9266
Android_Android_15_output.png,0.8988
Android_Android_15_output.png,0.9408
Android_Android_15_output.png,0.9351
Android_Android_15_output.png,0.9411
Android_Android_15_output.png,0.9109
Android_Android_15_output.png,0.8723
Android_Android_15_output.png,0.9
Android_Android_15_output.png,0.9437
Android_Android_15_output.png,0.9081
Android_Android_15_output.png,0.8902
Android_Android_15_output.png,0.8855
Android_Android_15_output.png,0.967
Android_Android_15_output.png,0.92
Android_Android_15_output.png,0.8809
Android_Android_15_output.png,0.8471
Android_Android_15_output.png,0.8793
Android_Android_15_output.png,0.8759
Android_Android_15_output.png,0.834
Android_Android_15_output.png,0.9115
Android_Android_15_output.png,0.9861
Android_Android_15_output.png,0.8796
Android_Android_15_output.png,0.9194
Android_Android_15_output.png,0.9
Android_Android_15_output.png,0.8885
Android_Android_15_output.png,0.8976
Android_Android_15_output.png,0.9106
Android_Android_15_output.png,0.9158
Android_Android_15_output.png,0.8903
Android_Android_15_output.png,0.9352
Android_Android_15_output.png,0.9088
Android_Android_15_output.png,0.9353
Android_Android_15_output.png,0.8838
Android_Android_15_output.png,0.8804
Android_Android_15_output.png,0.8994
Android_Android_15_output.png,0.9056
Android_Android_15_output.png,0.9383
Android_Android_15_output.png,0.9057
Android_Android_15_output.png,0.8791
Android_Android_15_output.png,0.9677
Android_Android_15_output.png,0.8923
Android_Android_15_output.png,0.9111
Android_Android_15_output.png,0.9456
Android_Android_15_output.png,0.9477
Android_Android_15_output.png,0.9211
Android_Android_15_output.png,0.8379
Android_Android_15_output.png,0.9678
Android_Android_15_output.png,0.9293
Android_Android_15_output.png,0.8996
Android_Android_15_output.png,0.9302
Android_Android_15_output.png,0.9175
Android_Android_15_output.png,0.917
Android_Android_15_output.png,0.8879
Android_Android_15_output.png,0.9558
Android_Android_15_output.png,0.9423
Android_Android_15_output.png,0.9334
Android_Android_15_output.png,0.8823
Android_Android_15_output.png,0.9398
Android_Android_15_output.png,0.9315
Android_Android_15_output.png,0.9425
Android_Android_15_output.png,0.9024
Android_Android_15_output.png,0.9254
Android_Android_15_output.png,0.9491
Android_Android_15_output.png,0.9404
Android_Android_15_output.png,0.9389
Android_Android_15_output.png,0.9532
Android_Android_15_output.png,0.889
Android_Android_15_output.png,0.9475
Android_Android_15_output.png,0.9472
Android_Android_15_output.png,0.9297
Android_Android_15_output.png,0.9171
Android_Android_15_output.png,0.9322
Android_Android_15_output.png,0.9366
Android_Android_15_output.png,0.9264
Android_Android_15_output.png,0.8909
Android_Android_15_output.png,0.8273
Android_Android_15_output.png,0.9263
Android_Android_15_output.png,0.9151
Android_Android_15_output.png,0.9303
Android_Android_15_output.png,0.9359
Android_Android_15_output.png,0.8873
Android_Android_15_output.png,0.9613
Android_Android_15_output.png,0.8754
Android_Android_15_output.png,0.9226
Android_Android_15_output.png,0.9449
Android_Android_15_output.png,0.9702
Android_Android_15_output.png,0.8903
Android_Android_15_output.png,0.8999
Android_Android_15_output.png,0.975
Android_Android_15_output.png,0.9127
Android_Android_15_output.png,0.96
Android_Android_15_output.png,0.8667
Android_Android_15_output.png,0.9188
Android_Android_15_output.png,0.9029
Android_Android_15_output.png,0.876
Android_Android_15_output.png,0.8923
Android_Android_15_output.png,0.9102
Android_Android_15_output.png,0.9144
Android_Android_15_output.png,0.9363
Android_Android_15_output.png,0.9147
Android_Android_15_output.png,0.9164
Android_Android_15_output.png,0.9559
Android_Android_15_output.png,0.9158
Android_Android_15_output.png,0.9349
Android_Android_15_output.png,0.891
Android_Android_15_output.png,0.9163
Android_Android_15_output.png,0.9581
Android_Android_15_output.png,0.9362
Android_Android_15_output.png,0.9552
Android_Android_15_output.png,0.9411
Android_Android_15_output.png,0.8762
Android_Android_15_output.png,0.9516
Android_Android_15_output.png,0.8848
Android_Android_15_output.png,0.8923
Android_Android_15_output.png,0.9236
Android_Android_15_output.png,0.8635
Android_Android_15_output.png,0.898
Android_Android_15_output.png,0.9685
Android_Android_15_output.png,0.9135
iphone_IMG_9359_output.png,0.9725
iphone_IMG_9359_output.png,0.9872
iphone_IMG_9359_output.png,0.9847
iphone_IMG_9359_output.png,0.9587
iphone_IMG_9359_output.png,0.992
iphone_IMG_9359_output.png,0.9366
iphone_IMG_9359_output.png,0.9577
iphone_IMG_9359_output.png,0.9789
iphone_IMG_9359_output.png,0.9532
iphone_IMG_9359_output.png,0.9624
iphone_IMG_9359_output.png,0.9543
iphone_IMG_9359_output.png,0.9952
iphone_IMG_9359_output.png,0.9489
iphone_IMG_9359_output.png,0.946
iphone_IMG_9359_output.png,0.9555
iphone_IMG_9359_output.png,0.95
iphone_IMG_9359_output.png,0.9587
iphone_IMG_9359_output.png,0.9021
iphone_IMG_9359_output.png,0.9407
iphone_IMG_9359_output.png,0.9754
iphone_IMG_9359_output.png,0.9649
iphone_IMG_9359_output.png,0.9786
iphone_IMG_9359_output.png,0.9702
iphone_IMG_9359_output.png,0.9562
iphone_IMG_9359_output.png,0.9758
iphone_IMG_9359_output.png,0.9551
iphone_IMG_9359_output.png,0.9525
iphone_IMG_9359_output.png,0.986
iphone_IMG_9359_output.png,0.9759
iphone_IMG_9359_output.png,0.9775
iphone_IMG_9359_output.png,0.9705
iphone_IMG_9359_output.png,0.9639
iphone_IMG_9359_output.png,0.9552
iphone_IMG_9359_output.png,0.9587
iphone_IMG_9359_output.png,0.9788
iphone_IMG_9359_output.png,0.8662
iphone_IMG_9359_output.png,0.9291
iphone_IMG_9359_output.png,0.9807
iphone_IMG_9359_output.png,0.9563
iphone_IMG_9359_output.png,0.9923
iphone_IMG_9359_output.png,0.9501
iphone_IMG_9359_output.png,0.9548
iphone_IMG_9359_output.png,0.9737
iphone_IMG_9359_output.png,0.9317
iphone_IMG_9359_output.png,0.9662
iphone_IMG_9359_output.png,0.9578
iphone_IMG_9359_output.png,0.9909
iphone_IMG_9359_output.png,0.9547
iphone_IMG_9359_output.png,0.9431
iphone_IMG_9359_output.png,0.9399
iphone_IMG_9359_output.png,0.9335
iphone_IMG_9359_output.png,0.9661
iphone_IMG_9359_output.png,0.9011
iphone_IMG_9359_output.png,0.9468
iphone_IMG_9359_output.png,0.9613
iphone_IMG_9359_output.png,0.985
iphone_IMG_9359_output.png,0.9385
iphone_IMG_9359_output.png,0.9425
iphone_IMG_9359_output.png,0.9919
iphone_IMG_9359_output.png,0.9509
iphone_IMG_9359_output.png,0.9535
iphone_IMG_9359_output.png,0.9665
iphone_IMG_9359_output.png,0.988
iphone_IMG_9359_output.png,0.9557
iphone_IMG_9359_output.png,0.9451
iphone_IMG_9359_output.png,0.9496
iphone_IMG_9359_output.png,0.9524
iphone_IMG_9359_output.png,0.9559
iphone_IMG_9359_output.png,0.8927
iphone_IMG_9359_output.png,0.9316
iphone_IMG_9359_output.png,0.9524
iphone_IMG_9359_output.png,0.9341
iphone_IMG_9359_output.png,0.9514
iphone_IMG_9359_output.png,0.9523
iphone_IMG_9359_output.png,0.954
iphone_IMG_9359_output.png,0.9656
iphone_IMG_9359_output.png,0.9693
iphone_IMG_9359_output.png,0.9612
iphone_IMG_9359_output.png,0.9678
iphone_IMG_9359_output.png,0.9484
iphone_IMG_9359_output.png,0.9445
iphone_IMG_9359_output.png,0.9576
iphone_IMG_9359_output.png,0.9548
iphone_IMG_9359_output.png,0.8733
iphone_IMG_9359_output.png,0.8986
iphone_IMG_9359_output.png,0.9472
iphone_IMG_9359_output.png,0.9634
iphone_IMG_9359_output.png,0.9816
iphone_IMG_9359_output.png,0.9433
iphone_IMG_9359_output.png,0.9665
iphone_IMG_9359_output.png,0.9573
iphone_IMG_9359_output.png,0.9939
iphone_IMG_9359_output.png,0.9537
iphone_IMG_9359_output.png,0.9509
iphone_IMG_9359_output.png,0.9513
iphone_IMG_9359_output.png,0.9484
iphone_IMG_9359_output.png,0.9688
iphone_IMG_9359_output.png,0.9049
iphone_IMG_9359_output.png,0.9511
iphone_IMG_9359_output.png,0.9489
iphone_IMG_9359_output.png,0.9362
iphone_IMG_9359_output.png,0.9218
iphone_IMG_9359_output.png,0.9654
iphone_IMG_9359_output.png,0.9452
iphone_IMG_9359_output.png,0.9434
iphone_IMG_9359_output.png,0.9587
iphone_IMG_9359_output.png,0.9508
iphone_IMG_9359_output.png,0.9671
iphone_IMG_9359_output.png,0.9336
iphone_IMG_9359_output.png,0.961
iphone_IMG_9359_output.png,0.8334
iphone_IMG_9359_output.png,0.9448
iphone_IMG_9359_output.png,0.943
iphone_IMG_9359_output.png,0.947
iphone_IMG_9359_output.png,0.9795
iphone_IMG_9359_output.png,0.9561
iphone_IMG_9359_output.png,0.9614
iphone_IMG_9359_output.png,0.953
iphone_IMG_9359_output.png,0.9626
iphone_IMG_9359_output.png,0.956
iphone_IMG_9359_output.png,0.9655
iphone_IMG_9359_output.png,0.9756
iphone_IMG_9359_output.png,0.8736
iphone_IMG_9359_output.png,0.9205
iphone_IMG_9359_output.png,0.9616
iphone_IMG_9359_output.png,0.9543
iphone_IMG_9359_output.png,0.9657
iphone_IMG_9359_output.png,0.981
iphone_IMG_9359_output.png,0.9516
iphone_IMG_9359_output.png,0.945
iphone_IMG_9359_output.png,0.9583
iphone_IMG_9359_output.png,0.9607
iphone_IMG_9359_output.png,0.9543
iphone_IMG_9359_output.png,0.8946
iphone_IMG_9359_output.png,0.9197
iphone_IMG_9359_output.png,0.9538
iphone_IMG_9359_output.png,0.9655
iphone_IMG_9359_output.png,0.9464
iphone_IMG_9359_output.png,0.9527
iphone_IMG_9359_output.png,0.9508
iphone_IMG_9359_output.png,0.9678
iphone_IMG_9359_output.png,0.9852
iphone_IMG_9359_output.png,0.9387
iphone_IMG_9359_output.png,0.8378
iphone_IMG_9359_output.png,0.863
iphone_IMG_9359_output.png,0.9627
iphone_IMG_9359_output.png,0.9697
iphone_IMG_9359_output.png,0.9708
iphone_IMG_9359_output.png,0.9656
iphone_IMG_9359_output.png,0.9655
iphone_IMG_9359_output.png,0.967
iphone_IMG_9359_output.png,0.9806
iphone_IMG_9359_output.png,0.8635
iphone_IMG_9359_output.png,0.9314
iphone_IMG_9359_output.png,0.9567
iphone_IMG_9359_output.png,0.9592
iphone_IMG_9359_output.png,0.961
iphone_IMG_9359_output.png,0.9499
iphone_IMG_9359_output.png,0.9677
iphone_IMG_9359_output.png,0.9639
iphone_IMG_9359_output.png,0.8572
iphone_IMG_9359_output.png,0.8929
iphone_IMG_9359_output.png,0.9549
iphone_IMG_9359_output.png,0.9459
iphone_IMG_9359_output.png,0.9551
iphone_IMG_9359_output.png,0.9518
iphone_IMG_9359_output.png,0.9663
iphone_IMG_9359_output.png,0.9043
iphone_IMG_9359_output.png,0.9502
iphone_IMG_9359_output.png,0.9622
iphone_IMG_9359_output.png,0.9525
iphone_IMG_9359_output.png,0.9556
iphone_IMG_9359_output.png,0.9733
iphone_IMG_9359_output.png,0.842
iphone_IMG_9359_output.png,0.9099
iphone_IMG_9359_output.png,0.9486
iphone_IMG_9359_output.png,0.9632
iphone_IMG_9359_output.png,0.9598
iphone_IMG_9359_output.png,0.845
iphone_IMG_9359_output.png,0.909
iphone_IMG_9359_output.png,0.9721
iphone_IMG_9359_output.png,0.9529
iphone_IMG_9359_output.png,0.8567
iphone_IMG_9359_output.png,0.9235
iphone_IMG_9359_output.png,0.9511
iphone_IMG_9359_output.png,0.8541
iphone_IMG_9359_output.png,0.8877
iphone_IMG_9359_output.png,0.8693
iphone_IMG_9359_output.png,0.9318
iphone_IMG_9359_output.png,0.8592
